_u,_v,re(NearEX)[V_per_meter],im(NearEX)[V_per_meter],re(NearEY)[V_per_meter],im(NearEY)[V_per_meter]
-0.1,-0.1,-2.58089,-0.126605,52.2663,-6.92618
-0.095,-0.1,-2.44212,-0.811268,54.4121,9.09647
-0.09,-0.1,-2.13572,-1.3976,51.8946,25.0092
-0.085,-0.1,-1.71019,-1.85088,45.1946,39.5078
-0.08,-0.1,-1.21729,-2.15536,35.1158,51.6047
-0.075,-0.1,-0.705897,-2.31222,22.6379,60.679
-0.07,-0.1,-0.217373,-2.33502,8.76557,66.4687
-0.065,-0.1,0.215266,-2.24611,-5.55869,69.0741
-0.06,-0.1,0.572211,-2.07625,-19.4969,68.7142
-0.055,-0.1,0.842936,-1.85429,-32.4217,65.8697
-0.05,-0.1,1.02556,-1.60705,-43.9122,61.1117
-0.045,-0.1,1.12242,-1.35561,-53.7959,55.0957
-0.04,-0.1,1.14366,-1.11899,-61.9795,48.3472
-0.035,-0.1,1.10064,-0.909595,-68.5254,41.3758
-0.03,-0.1,1.00547,-0.734506,-73.5832,34.6135
-0.025,-0.1,0.869644,-0.596155,-77.3531,28.4092
-0.02,-0.1,0.703267,-0.493109,-80.0532,23.0313
-0.015,-0.1,0.514653,-0.42091,-81.8938,18.6769
-0.01,-0.1,0.310297,-0.372857,-83.0568,15.4826
-0.005,-0.1,0.0951363,-0.34069,-83.6816,13.536
0,-0.1,-0.126983,-0.315152,-83.8554,12.8849
0.005,-0.1,-0.352607,-0.286256,-83.6052,13.5462
0.01,-0.1,-0.57853,-0.245009,-82.9113,15.4953
0.015,-0.1,-0.800316,-0.181389,-81.6773,18.6923
0.02,-0.1,-1.01217,-0.0866332,-79.7652,23.0429
0.025,-0.1,-1.20639,0.0465119,-76.996,28.4042
0.03,-0.1,-1.37311,0.223031,-73.1644,34.5745
0.035,-0.1,-1.50032,0.44476,-68.0591,41.2828
0.04,-0.1,-1.57435,0.709442,-61.4881,48.1815
0.045,-0.1,-1.5807,1.00982,-53.3104,54.8439
0.05,-0.1,-1.50543,1.33292,-43.4703,60.7714
0.055,-0.1,-1.33733,1.66004,-31.9955,65.4069
0.06,-0.1,-1.06886,1.96658,-19.1387,68.1607
0.065,-0.1,-0.699833,2.22309,-5.31315,68.4727
0.07,-0.1,-0.239003,2.3971,8.86898,65.881
0.075,-0.1,0.293764,2.45617,22.6101,60.0904
0.08,-0.1,0.866581,2.37195,34.9692,51.0498
0.085,-0.1,1.43602,2.12478,44.9382,39.0214
0.09,-0.1,1.94946,1.70865,51.5506,24.6239
0.095,-0.1,2.34944,1.13544,54.0161,8.83678
0.1,-0.1,2.58011,0.437879,51.8646,-7.05053
-0.1,-0.095,-2.33975,-0.923451,54.9332,9.36671
-0.095,-0.095,-1.99717,-1.51164,52.0956,26.2818
-0.09,-0.095,-1.53083,-1.95637,44.5458,41.6311
-0.085,-0.095,-0.996442,-2.24091,33.1789,54.2323
-0.08,-0.095,-0.446743,-2.36708,19.1227,63.3271
-0.075,-0.095,0.0735705,-2.35136,3.57149,68.5865
-0.07,-0.095,0.530874,-2.21902,-12.3861,70.0509
-0.065,-0.095,0.901373,-2.00165,-27.7675,68.1157
-0.06,-0.095,1.17665,-1.73352,-41.8168,63.2858
-0.055,-0.095,1.35605,-1.44455,-54.0475,56.2487
-0.05,-0.095,1.44629,-1.16008,-64.2121,47.7196
-0.045,-0.095,1.45656,-0.898472,-72.3265,38.4084
-0.04,-0.095,1.4014,-0.674494,-78.4765,28.9015
-0.035,-0.095,1.29558,-0.495871,-82.8865,19.6912
-0.03,-0.095,1.15248,-0.365299,-85.8481,11.1711
-0.025,-0.095,0.983441,-0.281355,-87.6777,3.63308
-0.02,-0.095,0.797321,-0.239484,-88.685,-2.7186
-0.015,-0.095,0.600353,-0.23291,-89.1485,-7.75033
-0.01,-0.095,0.396394,-0.253355,-89.2982,-11.3811
-0.005,-0.095,0.187382,-0.291594,-89.305,-13.5666
0,-0.095,-0.0260482,-0.337825,-89.2736,-14.2859
0.005,-0.095,-0.244038,-0.380948,-89.2366,-13.5375
0.01,-0.095,-0.465946,-0.413184,-89.1615,-11.3273
0.015,-0.095,-0.691035,-0.423142,-88.9427,-7.6711
0.02,-0.095,-0.916639,-0.400911,-88.4084,-2.62032
0.025,-0.095,-1.13783,-0.33739,-87.3292,3.7371
0.03,-0.095,-1.34696,-0.224918,-85.4298,11.2614
0.035,-0.095,-1.53343,-0.0581098,-82.4063,19.7437
0.04,-0.095,-1.68377,0.165131,-77.9507,28.8905
0.045,-0.095,-1.78225,0.442498,-71.7813,38.3109
0.05,-0.095,-1.81188,0.766194,-63.682,47.5129
0.055,-0.095,-1.75706,1.12425,-53.4952,55.953
0.06,-0.095,-1.60147,1.49215,-41.3015,62.8813
0.065,-0.095,-1.33703,1.8443,-27.3423,67.6264
0.07,-0.095,-0.96196,2.14779,-12.097,69.5222
0.075,-0.095,-0.484865,2.36634,3.71201,68.0146
0.08,-0.095,0.0732292,2.46386,19.1388,62.7555
0.085,-0.095,0.677913,2.40885,33.0702,53.6962
0.09,-0.095,1.28208,2.17967,44.3246,41.167
0.095,-0.095,1.82872,1.76988,51.7886,25.9227
0.1,-0.095,2.25593,1.19289,54.5808,9.13524
-0.1,-0.09,-1.88238,-1.55025,52.726,25.857
-0.095,-0.09,-1.39023,-1.99067,44.8022,42.1751
-0.09,-0.09,-0.826876,-2.26151,32.5441,55.4982
-0.085,-0.09,-0.248819,-2.36411,17.215,64.8833
-0.08,-0.09,0.295824,-2.31602,0.191869,69.8895
-0.075,-0.09,0.770766,-2.14591,-17.2068,70.5356
-0.07,-0.09,1.15278,-1.88701,-33.8894,67.1825
-0.065,-0.09,1.42921,-1.57596,-48.9376,60.5283
-0.06,-0.09,1.60256,-1.24669,-61.7556,51.328
-0.055,-0.09,1.6812,-0.927028,-72.0549,40.4283
-0.05,-0.09,1.67891,-0.638385,-79.7991,28.6331
-0.045,-0.09,1.60995,-0.394821,-85.2039,16.6589
-0.04,-0.09,1.4918,-0.205556,-88.5456,5.08399
-0.035,-0.09,1.34052,-0.0733809,-90.2029,-5.65801
-0.03,-0.09,1.16924,0.00325591,-90.5942,-15.254
-0.025,-0.09,0.987988,0.0291137,-90.1327,-23.5021
-0.02,-0.09,0.803536,0.0110861,-89.1978,-30.2885
-0.015,-0.09,0.619565,-0.0426565,-88.1156,-35.5621
-0.01,-0.09,0.437121,-0.123274,-87.1466,-39.311
-0.005,-0.09,0.255197,-0.221618,-86.4791,-41.5421
0,-0.09,0.0714276,-0.328399,-86.2268,-42.2666
0.005,-0.09,-0.11802,-0.433068,-86.4228,-41.495
0.01,-0.09,-0.314094,-0.528866,-87.031,-39.2181
0.015,-0.09,-0.519857,-0.604696,-87.941,-35.4227
0.02,-0.09,-0.735745,-0.650568,-88.961,-30.1082
0.025,-0.09,-0.959836,-0.656579,-89.8288,-23.2937
0.03,-0.09,-1.18723,-0.613366,-90.2193,-15.0371
0.035,-0.09,-1.40961,-0.51281,-89.7571,-5.45853
0.04,-0.09,-1.61502,-0.34903,-88.0365,5.23591
0.045,-0.09,-1.78807,-0.119574,-84.6498,16.7323
0.05,-0.09,-1.91064,0.173246,-79.2253,28.593
0.055,-0.09,-1.96498,0.523836,-71.4355,40.3263
0.06,-0.09,-1.92785,0.912132,-61.1385,51.1085
0.065,-0.09,-1.78478,1.31754,-48.3773,60.1963
0.07,-0.09,-1.52453,1.70985,-33.4413,66.7636
0.075,-0.09,-1.14458,2.05282,-16.9028,70.0263
0.08,-0.09,-0.654028,2.30668,0.374569,69.3447
0.085,-0.09,-0.0757586,2.43214,17.2667,64.3364
0.09,-0.09,0.552668,2.39539,32.4662,54.9873
0.095,-0.09,1.18007,2.17391,44.6104,41.7389
0.1,-0.09,1.74499,1.76221,52.4513,25.5288
-0.1,-0.085,-1.2953,-1.96457,46.0175,41.108
-0.095,-0.085,-0.715844,-2.23091,33.3472,55.4363
-0.09,-0.085,-0.119072,-2.32044,17.1044,65.4887
-0.085,-0.085,0.443253,-2.25057,-1.15536,70.6561
-0.08,-0.085,0.931744,-2.05125,-19.9005,70.8751
-0.075,-0.085,1.32113,-1.75934,-37.788,66.5366
-0.07,-0.085,1.59964,-1.41202,-53.805,58.3189
-0.065,-0.085,1.76599,-1.04676,-67.1932,47.1935
-0.06,-0.085,1.83202,-0.694131,-77.5786,34.1115
-0.055,-0.085,1.81339,-0.377474,-84.909,20.0189
-0.05,-0.085,1.72893,-0.112638,-89.3776,5.74615
-0.045,-0.085,1.59591,0.0914329,-91.4003,-8.03244
-0.04,-0.085,1.43308,0.231621,-91.4274,-20.8102
-0.035,-0.085,1.25593,0.309632,-89.9757,-32.2502
-0.03,-0.085,1.07613,0.330661,-87.5644,-42.1533
-0.025,-0.085,0.901558,0.301985,-84.6753,-50.4331
-0.02,-0.085,0.736458,0.231925,-81.73,-57.0838
-0.015,-0.085,0.58186,0.129105,-79.0773,-62.1482
-0.01,-0.085,0.436168,0.00201906,-76.9875,-65.6902
-0.005,-0.085,0.29581,-0.14113,-75.6516,-67.7722
0,-0.085,0.155932,-0.29239,-75.1828,-68.4389
0.005,-0.085,0.00979622,-0.443206,-75.6129,-67.7092
0.01,-0.085,-0.14504,-0.587377,-76.9058,-65.5645
0.015,-0.085,-0.314694,-0.715532,-78.9536,-61.9592
0.02,-0.085,-0.50235,-0.818507,-81.5597,-56.8362
0.025,-0.085,-0.708961,-0.886552,-84.4499,-50.1375
0.03,-0.085,-0.932544,-0.90958,-87.2739,-41.8272
0.035,-0.085,-1.16756,-0.877711,-89.6119,-31.9186
0.04,-0.085,-1.40446,-0.78214,-90.9878,-20.5046
0.045,-0.085,-1.62953,-0.616317,-90.8924,-7.78834
0.05,-0.085,-1.82518,-0.377377,-88.8181,5.88888
0.055,-0.085,-1.97317,-0.0655125,-84.2871,20.1172
0.06,-0.085,-2.04656,0.306601,-76.9233,34.0944
0.065,-0.085,-2.02604,0.723989,-66.5541,47.0487
0.07,-0.085,-1.89278,1.1616,-53.2392,58.0515
0.075,-0.085,-1.63441,1.58633,-37.3408,66.137
0.08,-0.085,-1.24847,1.95865,-19.5609,70.4046
0.085,-0.085,-0.745429,2.23565,-0.94193,70.1441
0.09,-0.085,-0.150947,2.37554,17.1821,64.9718
0.095,-0.085,0.493549,2.34324,33.2923,54.9555
0.1,-0.085,1.1324,2.11674,45.8485,40.7041
-0.1,-0.08,-0.663711,-2.15907,35.5753,53.9814
-0.095,-0.08,-0.0577888,-2.2483,18.8555,65.1478
-0.09,-0.08,0.516317,-2.16989,-0.366031,70.9994
-0.085,-0.08,1.0156,-1.95389,-20.3371,71.3265
-0.08,-0.08,1.41186,-1.63859,-39.4746,66.4717
-0.075,-0.08,1.69179,-1.2648,-56.5086,57.1934
-0.07,-0.08,1.85476,-0.869916,-70.5818,44.4618
-0.065,-0.08,1.90966,-0.488701,-81.1719,29.4663
-0.06,-0.08,1.87543,-0.146253,-88.1684,13.2885
-0.055,-0.08,1.77283,0.140061,-91.7739,-3.09225
-0.05,-0.08,1.62354,0.360672,-92.4104,-18.8803
-0.045,-0.08,1.44582,0.511862,-90.683,-33.4912
-0.04,-0.08,1.25813,0.596523,-87.1793,-46.5378
-0.035,-0.08,1.07399,0.61992,-82.5309,-57.8125
-0.03,-0.08,0.902754,0.590001,-77.3243,-67.254
-0.025,-0.08,0.749695,0.515617,-72.0766,-74.9065
-0.02,-0.08,0.616446,0.405606,-67.2216,-80.8803
-0.015,-0.08,0.501592,0.268228,-63.1047,-85.3158
-0.01,-0.08,0.401322,0.110916,-59.9853,-88.3532
-0.005,-0.08,0.310086,-0.0596895,-58.042,-90.1096
0,-0.08,0.221228,-0.237513,-57.3783,-90.6619
0.005,-0.08,0.126549,-0.416785,-58.0275,-90.0352
0.01,-0.08,0.0213874,-0.591819,-59.9493,-88.206
0.015,-0.08,-0.102044,-0.755784,-63.0485,-85.0953
0.02,-0.08,-0.249116,-0.900996,-67.1395,-80.5892
0.025,-0.08,-0.42326,-1.01862,-71.9573,-74.552
0.03,-0.08,-0.625249,-1.09873,-77.1524,-66.8495
0.035,-0.08,-0.852472,-1.13065,-82.2904,-57.3789
0.04,-0.08,-1.09829,-1.10365,-86.8573,-46.1042
0.045,-0.08,-1.35159,-1.00802,-90.2747,-33.094
0.05,-0.08,-1.59662,-0.836484,-91.9283,-18.5596
0.055,-0.08,-1.81553,-0.585062,-91.2115,-2.80986
0.06,-0.08,-1.98172,-0.257825,-87.5395,13.4686
0.065,-0.08,-2.07233,0.13615,-80.5161,29.5183
0.07,-0.08,-2.06329,0.578425,-69.9511,44.3719
0.075,-0.08,-1.93446,1.04139,-55.9548,56.9427
0.08,-0.08,-1.67321,1.48888,-39.0041,66.1194
0.085,-0.08,-1.27814,1.87823,-19.9762,70.8955
0.09,-0.08,-0.762259,2.16388,-0.134465,70.5216
0.095,-0.08,-0.154961,2.30245,18.9479,64.6625
0.1,-0.08,0.497738,2.25898,35.5329,53.5329
-0.1,-0.075,-0.0603082,-2.1543,22.407,63.7177
-0.095,-0.075,0.519728,-2.08219,2.57957,70.8498
-0.09,-0.075,1.02779,-1.864,-18.4629,71.9296
-0.085,-0.075,1.432,-1.53835,-38.8763,67.1807
-0.08,-0.075,1.71618,-1.14766,-57.1267,57.3505
-0.075,-0.075,1.87852,-0.732843,-72.1054,43.5344
-0.07,-0.075,1.92806,-0.32847,-83.1752,26.9519
-0.065,-0.075,1.8818,0.0360699,-90.1005,8.93801
-0.06,-0.075,1.76332,0.34219,-93.0559,-9.36537
-0.055,-0.075,1.59616,0.579115,-92.4974,-27.0098
-0.05,-0.075,1.40276,0.743503,-89.0589,-43.29
-0.045,-0.075,1.20052,0.836281,-83.5122,-57.7553
-0.04,-0.075,1.00659,0.86595,-76.5361,-70.1647
-0.035,-0.075,0.831486,0.840028,-68.847,-80.4671
-0.03,-0.075,0.681785,0.768211,-61.0614,-88.7514
-0.025,-0.075,0.560081,0.660002,-53.6981,-95.1973
-0.02,-0.075,0.465599,0.523969,-47.1728,-100.031
-0.015,-0.075,0.394895,0.367374,-41.8031,-103.485
-0.01,-0.075,0.342519,0.19612,-37.8185,-105.773
-0.005,-0.075,0.301627,0.0149433,-35.3713,-107.059
0,-0.075,0.264496,-0.172212,-34.5478,-107.452
0.005,-0.075,0.223181,-0.362228,-35.3878,-106.983
0.01,-0.075,0.169666,-0.55085,-37.8371,-105.621
0.015,-0.075,0.0961502,-0.73371,-41.8256,-103.258
0.02,-0.075,-0.00425255,-0.904991,-47.1931,-99.7279
0.025,-0.075,-0.136903,-1.05731,-53.7031,-94.8215
0.03,-0.075,-0.304943,-1.18159,-61.0321,-88.3097
0.035,-0.075,-0.508539,-1.26721,-68.7608,-79.9736
0.04,-0.075,-0.7441,-1.30251,-76.3707,-69.6427
0.045,-0.075,-1.00359,-1.2757,-83.2502,-57.2377
0.05,-0.075,-1.27406,-1.1761,-88.7141,-42.8175
0.055,-0.075,-1.5382,-0.996703,-92.0439,-26.5801
0.06,-0.075,-1.77372,-0.733484,-92.5094,-9.01505
0.065,-0.075,-1.95543,-0.389598,-89.4872,9.17432
0.07,-0.075,-2.05637,0.0237057,-82.536,27.0453
0.075,-0.075,-2.05103,0.485673,-71.4929,43.4563
0.08,-0.075,-1.91884,0.965767,-56.5651,57.1483
0.085,-0.075,-1.64804,1.42467,-38.3972,66.8687
0.09,-0.075,-1.23956,1.81688,-18.0949,71.5321
0.095,-0.075,-0.710126,2.09492,2.81491,70.401
0.1,-0.075,-0.0938911,2.21507,22.4993,63.261
-0.1,-0.07,0.461098,-1.98927,7.6066,69.9532
-0.095,-0.07,0.975628,-1.78451,-14.261,72.5103
-0.09,-0.07,1.38929,-1.46307,-35.9403,68.6035
-0.085,-0.07,1.68209,-1.06797,-55.5974,58.8937
-0.08,-0.07,1.84937,-0.641936,-71.8387,44.5063
-0.075,-0.07,1.89921,-0.22293,-83.7872,26.8237
-0.07,-0.07,1.84827,0.159514,-91.0755,7.25898
-0.065,-0.07,1.71905,0.482908,-93.7796,-12.784
-0.06,-0.07,1.53741,0.735364,-92.3604,-32.1725
-0.055,-0.07,1.32759,0.912533,-87.5098,-50.0462
-0.05,-0.07,1.11103,1.01666,-80.0443,-65.8358
-0.045,-0.07,0.903535,1.05284,-70.8546,-79.2534
-0.04,-0.07,0.719152,1.03329,-60.7058,-90.2151
-0.035,-0.07,0.56508,0.967149,-50.336,-98.8564
-0.03,-0.07,0.445105,0.864839,-40.3538,-105.416
-0.025,-0.07,0.35939,0.735677,-31.2467,-110.202
-0.02,-0.07,0.305223,0.587337,-23.3867,-113.546
-0.015,-0.07,0.277735,0.425669,-17.0443,-115.763
-0.01,-0.07,0.270525,0.254801,-12.4049,-117.126
-0.005,-0.07,0.276166,0.0774659,-9.5867,-117.841
0,-0.07,0.286597,-0.104535,-8.6541,-118.039
0.005,-0.07,0.293352,-0.289847,-9.61905,-117.764
0.01,-0.07,0.288182,-0.476818,-12.463,-116.979
0.015,-0.07,0.262801,-0.66307,-17.1209,-115.549
0.02,-0.07,0.209551,-0.844793,-23.4718,-113.265
0.025,-0.07,0.121829,-1.01637,-31.327,-109.855
0.03,-0.07,-0.00531472,-1.17013,-40.4136,-105.005
0.035,-0.07,-0.174437,-1.29629,-50.357,-98.3855
0.04,-0.07,-0.384879,-1.38325,-60.6681,-89.6931
0.045,-0.07,-0.631936,-1.41826,-70.7375,-78.6938
0.05,-0.07,-0.906133,-1.38851,-79.8446,-65.278
0.055,-0.07,-1.19276,-1.28268,-87.1973,-49.5065
0.06,-0.07,-1.47217,-1.09257,-91.94,-31.6829
0.065,-0.07,-1.7198,-0.815335,-93.2635,-12.3802
0.07,-0.07,-1.90829,-0.455422,-90.4883,7.53993
0.075,-0.07,-2.00947,-0.0262644,-83.1749,26.9448
0.08,-0.07,-1.99747,0.448643,-71.2368,44.4937
0.085,-0.07,-1.85249,0.935762,-55.039,58.7494
0.09,-0.07,-1.56491,1.39295,-35.46,68.3384
0.095,-0.07,-1.1391,1.77255,-13.8925,72.1463
0.1,-0.07,-0.596355,2.02623,7.83445,69.5252
-0.1,-0.065,0.867565,-1.71196,-7.77675,72.6841
-0.095,-0.065,1.2913,-1.41016,-30.6029,70.4491
-0.09,-0.065,1.59704,-1.02446,-51.8135,61.6573
-0.085,-0.065,1.77617,-0.598519,-69.6774,47.3856
-0.08,-0.065,1.83391,-0.172337,-83.0154,29.0912
-0.075,-0.065,1.78609,0.221272,-91.2338,8.38177
-0.07,-0.065,1.65454,0.559028,-94.2656,-13.1999
-0.065,-0.065,1.46466,0.825845,-92.5003,-34.2533
-0.06,-0.065,1.24256,1.01604,-86.6695,-53.7175
-0.055,-0.065,1.01145,1.13096,-77.6713,-70.8673
-0.05,-0.065,0.790521,1.17738,-66.4676,-85.3027
-0.045,-0.065,0.59288,1.16358,-54.0296,-96.8984
-0.04,-0.065,0.428956,1.1042,-41.1641,-105.787
-0.035,-0.065,0.30316,1.00882,-28.5956,-112.253
-0.03,-0.065,0.216649,0.887816,-16.8939,-116.677
-0.025,-0.065,0.167489,0.749761,-6.48904,-119.487
-0.02,-0.065,0.151464,0.601081,2.31266,-121.107
-0.015,-0.065,0.162775,0.446052,9.30594,-121.921
-0.01,-0.065,0.194591,0.287035,14.3625,-122.252
-0.005,-0.065,0.239448,0.124884,17.4085,-122.34
0,-0.065,0.289499,-0.0405323,18.4074,-122.332
0.005,-0.065,0.336831,-0.209419,17.3612,-122.279
0.01,-0.065,0.372712,-0.382832,14.2718,-122.13
0.015,-0.065,0.389618,-0.560018,9.17877,-121.738
0.02,-0.065,0.379661,-0.739097,2.15878,-120.861
0.025,-0.065,0.335538,-0.916293,-6.65693,-119.176
0.03,-0.065,0.251035,-1.08556,-17.0601,-116.299
0.035,-0.065,0.121697,-1.23839,-28.7416,-111.808
0.04,-0.065,-0.0543461,-1.36392,-41.2685,-105.278
0.045,-0.065,-0.275472,-1.44932,-54.0691,-96.3323
0.05,-0.065,-0.535672,-1.4807,-66.4291,-84.6954
0.055,-0.065,-0.823356,-1.44339,-77.5136,-70.2758
0.06,-0.065,-1.1226,-1.32732,-86.3965,-53.1477
0.065,-0.065,-1.41097,-1.12396,-92.1119,-33.7389
0.07,-0.065,-1.66226,-0.831634,-93.7715,-12.7807
0.075,-0.065,-1.84759,-0.456807,-90.6727,8.66435
0.08,-0.065,-1.93812,-0.0157035,-82.4295,29.2417
0.085,-0.065,-1.90851,0.464917,-69.0982,47.3981
0.09,-0.065,-1.74097,0.948232,-51.2757,61.5332
0.095,-0.065,-1.42944,1.38941,-30.1437,70.1993
0.1,-0.065,-0.983287,1.73941,-7.43329,72.3323
-0.1,-0.06,1.14559,-1.37123,-22.8354,72.1979
-0.095,-0.06,1.467,-1.00963,-45.6161,65.2377
-0.09,-0.06,1.66426,-0.596452,-65.4089,51.9148
-0.085,-0.06,1.73852,-0.172971,-80.662,33.6814
-0.08,-0.06,1.70276,0.225677,-90.4652,12.2675
-0.075,-0.06,1.57806,0.573025,-94.5382,-10.5607
-0.07,-0.06,1.38899,0.852441,-93.128,-33.1958
-0.065,-0.06,1.16152,1.05584,-86.9203,-54.3019
-0.06,-0.06,0.920484,1.18281,-76.889,-72.9431
-0.055,-0.06,0.686803,1.23929,-64.1013,-88.5633
-0.05,-0.06,0.476624,1.23537,-49.6231,-100.952
-0.045,-0.06,0.299942,1.18172,-34.4708,-110.163
-0.04,-0.06,0.163416,1.09347,-19.4471,-116.526
-0.035,-0.06,0.0690876,0.980177,-5.23425,-120.472
-0.03,-0.06,0.0158848,0.851539,7.66391,-122.513
-0.025,-0.06,0.000274282,0.714975,18.8964,-123.177
-0.02,-0.06,0.0170648,0.575476,28.2385,-122.963
-0.015,-0.06,0.0600511,0.435741,35.5614,-122.309
-0.01,-0.06,0.122472,0.296508,40.8017,-121.573
-0.005,-0.06,0.197289,0.157013,43.9344,-121.016
0,-0.06,0.277314,0.0155191,44.9534,-120.798
0.005,-0.06,0.355269,-0.129801,43.875,-120.973
0.01,-0.06,0.423049,-0.281724,40.6838,-121.481
0.015,-0.06,0.473994,-0.440985,35.3916,-122.167
0.02,-0.06,0.500481,-0.607414,28.0257,-122.766
0.025,-0.06,0.495049,-0.778973,18.6524,-122.92
0.03,-0.06,0.450792,-0.951315,7.40367,-122.191
0.035,-0.06,0.361936,-1.11748,-5.4926,-120.08
0.04,-0.06,0.224621,-1.26782,-19.6821,-116.06
0.045,-0.06,0.0378152,-1.39022,-34.6578,-109.626
0.05,-0.06,-0.195697,-1.47067,-49.7451,-100.344
0.055,-0.06,-0.468272,-1.49268,-64.0966,-87.9528
0.06,-0.06,-0.766842,-1.44474,-76.7682,-72.3275
0.065,-0.06,-1.07246,-1.31436,-86.6728,-53.7097
0.07,-0.06,-1.36133,-1.09493,-92.7491,-32.6649
0.075,-0.06,-1.60568,-0.786789,-94.0587,-10.1366
0.08,-0.06,-1.77589,-0.399252,-89.9276,12.567
0.085,-0.06,-1.8435,0.0480466,-80.0954,33.8436
0.09,-0.06,-1.78508,0.524807,-64.8465,51.9323
0.095,-0.06,-1.58633,0.991143,-45.0964,65.1104
0.1,-0.06,-1.24629,1.40035,-22.4013,71.9376
-0.1,-0.055,1.29747,-1.01091,-36.8612,68.9872
-0.095,-0.055,1.51682,-0.624282,-58.7365,57.5946
-0.09,-0.055,1.61502,-0.215023,-76.3664,40.2713
-0.085,-0.055,1.60089,0.180108,-88.4359,18.791
-0.08,-0.055,1.4927,0.532069,-94.3378,-4.90714
-0.075,-0.055,1.31433,0.821081,-94.1167,-28.9639
-0.07,-0.055,1.09097,1.03687,-88.3287,-51.7707
-0.065,-0.055,0.847261,1.17725,-77.9276,-72.1001
-0.06,-0.055,0.60574,1.24595,-64.092,-89.1833
-0.055,-0.055,0.384286,1.25223,-48.0174,-102.654
-0.05,-0.055,0.195662,1.20824,-30.8335,-112.501
-0.045,-0.055,0.0464858,1.12625,-13.5602,-118.962
-0.04,-0.055,-0.0597272,1.02025,3.02627,-122.534
-0.035,-0.055,-0.122937,0.899465,18.3172,-123.792
-0.03,-0.055,-0.145932,0.772497,31.8955,-123.357
-0.025,-0.055,-0.133321,0.645399,43.5039,-121.837
-0.02,-0.055,-0.0907713,0.52171,53.0094,-119.788
-0.015,-0.055,-0.0244506,0.402693,60.3654,-117.686
-0.01,-0.055,0.0593299,0.287723,65.5766,-115.907
-0.005,-0.055,0.154283,0.174758,68.6686,-114.726
0,-0.055,0.254165,0.0608509,69.6661,-114.305
0.005,-0.055,0.352644,-0.057494,68.5997,-114.7
0.01,-0.055,0.442492,-0.183615,65.438,-115.848
0.015,-0.055,0.518167,-0.319616,60.163,-117.59
0.02,-0.055,0.572669,-0.466714,52.7511,-119.65
0.025,-0.055,0.59881,-0.624384,43.2001,-121.647
0.03,-0.055,0.589495,-0.789882,31.5597,-123.106
0.035,-0.055,0.5382,-0.957871,17.9662,-123.472
0.04,-0.055,0.439663,-1.12021,2.68071,-122.136
0.045,-0.055,0.290769,-1.26599,-13.8756,-118.482
0.05,-0.055,0.0915453,-1.38192,-31.0946,-111.935
0.055,-0.055,-0.154263,-1.45131,-48.1616,-102.057
0.06,-0.055,-0.436338,-1.46113,-64.1251,-88.5558
0.065,-0.055,-0.739509,-1.39683,-77.831,-71.4632
0.07,-0.055,-1.0432,-1.24819,-88.0849,-51.1565
0.075,-0.055,-1.32201,-1.01065,-93.7468,-28.4239
0.08,-0.055,-1.54729,-0.68748,-93.8794,-4.47757
0.085,-0.055,-1.68969,-0.291558,-87.9141,19.0913
0.09,-0.055,-1.72253,0.153703,-75.8115,40.4265
0.095,-0.055,-1.62579,0.614591,-58.186,57.5939
0.1,-0.055,-1.39028,1.0489,-36.3612,68.8298
-0.1,-0.05,1.33671,-0.666241,-49.3671,63.6634
-0.095,-0.05,1.46322,-0.284193,-69.661,48.2901
-0.09,-0.05,1.47853,0.0968003,-84.6068,27.5976
-0.085,-0.05,1.39677,0.44579,-93.1632,3.6213
-0.08,-0.05,1.23905,0.740214,-95.041,-21.5539
-0.075,-0.05,1.0299,0.966637,-90.6038,-46.0351
-0.07,-0.05,0.793335,1.12038,-80.6979,-68.269
-0.065,-0.05,0.551418,1.20358,-66.5118,-87.1626
-0.06,-0.05,0.323804,1.22298,-49.3855,-102.144
-0.055,-0.05,0.125009,1.18987,-30.6032,-113.048
-0.05,-0.05,-0.0355484,1.11731,-11.3214,-120.056
-0.045,-0.05,-0.154664,1.01831,7.47967,-123.586
-0.04,-0.05,-0.230969,0.90474,25.0513,-124.277
-0.035,-0.05,-0.266059,0.785229,40.8905,-122.833
-0.03,-0.05,-0.263893,0.667029,54.6801,-119.961
-0.025,-0.05,-0.229651,0.554794,66.2648,-116.332
-0.02,-0.05,-0.169053,0.450729,75.6072,-112.538
-0.015,-0.05,-0.0878886,0.354894,82.7441,-109.073
-0.01,-0.05,0.00823607,0.265622,87.7478,-106.323
-0.005,-0.05,0.113974,0.17997,90.6934,-104.564
0,-0.05,0.224166,0.0941881,91.6354,-103.958
0.005,-0.05,0.333876,0.00323263,90.6164,-104.553
0.01,-0.05,0.436347,-0.0959083,87.5948,-106.297
0.015,-0.05,0.527482,-0.206466,82.52,-109.025
0.02,-0.05,0.60113,-0.330682,75.3184,-112.461
0.025,-0.05,0.650688,-0.469236,65.9201,-116.215
0.03,-0.05,0.669279,-0.62078,54.2908,-119.791
0.035,-0.05,0.650128,-0.781515,40.4714,-122.596
0.04,-0.05,0.587154,-0.944898,24.6214,-123.962
0.045,-0.05,0.475774,-1.10154,7.06252,-123.181
0.05,-0.05,0.313866,-1.23938,-11.6837,-119.56
0.055,-0.05,0.102176,-1.34302,-30.888,-112.497
0.06,-0.05,-0.152546,-1.3978,-49.5704,-101.54
0.065,-0.05,-0.43824,-1.38875,-66.5723,-86.5156
0.07,-0.05,-0.73788,-1.30339,-80.606,-67.6031
0.075,-0.05,-1.02921,-1.1336,-90.3681,-45.4114
0.08,-0.05,-1.28586,-0.877832,-94.6903,-21.0194
0.085,-0.05,-1.47934,-0.54306,-92.7173,4.04257
0.09,-0.05,-1.58193,-0.146136,-84.0908,27.8822
0.095,-0.05,-1.57028,0.28583,-69.1092,48.4165
0.1,-0.05,-1.42937,0.716431,-48.8259,63.6168
-0.1,-0.045,1.28327,-0.362402,-60.0873,56.8761
-0.095,-0.045,1.33235,-0.00834443,-78.3377,38.096
-0.09,-0.045,1.28496,0.327433,-90.3184,14.7013
-0.085,-0.045,1.15793,0.620272,-95.2621,-11.064
-0.08,-0.045,0.972949,0.853708,-93.1859,-37.0126
-0.075,-0.045,0.753343,1.01962,-84.7545,-61.2524
-0.07,-0.045,0.520708,1.11756,-71.1233,-82.3292
-0.065,-0.045,0.295178,1.15246,-53.6835,-99.3411
-0.06,-0.045,0.0920223,1.13383,-33.8335,-111.891
-0.055,-0.045,-0.0780311,1.07375,-12.9217,-119.994
-0.05,-0.045,-0.208915,0.984952,7.88633,-124.014
-0.045,-0.045,-0.298146,0.8785,27.6332,-124.589
-0.04,-0.045,-0.34715,0.764504,45.6833,-122.452
-0.035,-0.045,-0.35853,0.652375,61.6165,-118.416
-0.03,-0.045,-0.337021,0.547702,75.2249,-113.255
-0.025,-0.045,-0.287973,0.453605,86.4593,-107.679
-0.02,-0.045,-0.216814,0.370964,95.3783,-102.297
-0.015,-0.045,-0.1287,0.298756,102.101,-97.6075
-0.01,-0.045,-0.0283772,0.234457,106.764,-93.9922
-0.005,-0.045,0.0798055,0.174456,109.49,-91.7181
0,-0.045,0.191744,0.114473,110.363,-90.9423
0.005,-0.045,0.304074,0.050442,109.412,-91.7216
0.01,-0.045,0.412072,-0.0223115,106.608,-93.9976
0.015,-0.045,0.511311,-0.10735,101.868,-97.6072
0.02,-0.045,0.596544,-0.207638,95.0731,-102.28
0.025,-0.045,0.661874,-0.324748,86.0886,-107.631
0.03,-0.045,0.700853,-0.458396,74.799,-113.161
0.035,-0.045,0.706785,-0.606013,61.1496,-118.26
0.04,-0.045,0.673249,-0.762399,45.1946,-122.22
0.045,-0.045,0.594835,-0.919533,27.1468,-124.267
0.05,-0.045,0.468072,-1.06665,7.42492,-123.608
0.055,-0.045,0.292418,-1.19087,-13.3013,-119.487
0.06,-0.045,0.0718777,-1.27709,-34.1179,-111.309
0.065,-0.045,-0.185794,-1.31047,-53.8627,-98.7064
0.07,-0.045,-0.466957,-1.27741,-71.1892,-81.6593
0.075,-0.045,-0.752728,-1.16758,-84.6681,-60.5878
0.08,-0.045,-1.01972,-0.975978,-92.9364,-36.4138
0.085,-0.045,-1.24158,-0.704925,-94.8818,-10.5699
0.09,-0.045,-1.39138,-0.365567,-89.8456,15.0646
0.095,-0.045,-1.44466,0.021352,-77.812,38.3151
0.1,-0.045,-1.38304,0.425818,-59.5462,56.9474
-0.1,-0.04,1.15983,-0.114432,-68.9448,49.266
-0.095,-0.04,1.14958,0.195356,-84.8654,27.6161
-0.09,-0.04,1.06011,0.476026,-93.7568,2.14264
-0.085,-0.04,0.908936,0.709064,-95.1494,-24.7598
-0.08,-0.04,0.716612,0.883442,-89.366,-50.8639
-0.075,-0.04,0.504028,0.99538,-77.349,-74.3342
-0.07,-0.04,0.289513,1.04718,-60.4713,-93.8517
-0.065,-0.04,0.0897035,1.04569,-40.2801,-108.68
-0.06,-0.04,-0.0834199,1.00109,-18.2662,-118.617
-0.055,-0.04,-0.222188,0.925253,4.19735,-123.871
-0.05,-0.04,-0.323058,0.830007,25.9736,-124.978
-0.045,-0.04,-0.385279,0.724674,46.1791,-122.722
-0.04,-0.04,-0.411293,0.618484,64.2684,-117.94
-0.035,-0.04,-0.404673,0.519112,79.9278,-111.522
-0.03,-0.04,-0.370283,0.430782,93.0561,-104.291
-0.025,-0.04,-0.313211,0.355476,103.704,-96.9771
-0.02,-0.04,-0.238322,0.293196,112.02,-90.195
-0.015,-0.04,-0.150001,0.242303,118.197,-84.4367
-0.01,-0.04,-0.0520789,0.199888,122.43,-80.0722
-0.005,-0.04,0.0520932,0.162138,124.882,-77.3573
0,-0.04,0.159459,0.124682,125.661,-76.4405
0.005,-0.04,0.267853,0.0832463,124.81,-77.3764
0.01,-0.04,0.373252,0.0335376,122.281,-80.1114
0.015,-0.04,0.472408,-0.0284047,117.972,-84.4874
0.02,-0.04,0.561035,-0.10588,111.721,-90.2453
0.025,-0.04,0.634089,-0.201019,103.334,-97.0115
0.03,-0.04,0.685804,-0.314357,92.621,-104.292
0.035,-0.04,0.709911,-0.444419,79.4389,-111.47
0.04,-0.04,0.700062,-0.587347,63.7413,-117.816
0.045,-0.04,0.650476,-0.736655,45.6351,-122.509
0.05,-0.04,0.556772,-0.883183,25.4352,-124.679
0.055,-0.04,0.416607,-1.01645,3.727,-123.475
0.06,-0.04,0.232174,-1.12088,-18.6616,-118.128
0.065,-0.04,0.00835426,-1.18325,-40.5851,-108.113
0.07,-0.04,-0.244445,-1.1899,-60.6711,-93.2216
0.075,-0.04,-0.510826,-1.12947,-77.4009,-73.6801
0.08,-0.04,-0.770835,-0.994761,-89.2531,-50.2386
0.085,-0.04,-1.0011,-0.784636,-94.8916,-24.2048
0.09,-0.04,-1.17673,-0.505583,-93.3818,2.59477
0.095,-0.04,-1.27389,-0.172704,-84.4057,27.9419
0.1,-0.04,-1.27288,0.190176,-68.4349,49.4506
-0.1,-0.035,0.98819,0.070772,-75.9935,41.3979
-0.095,-0.035,0.937842,0.326168,-89.4848,17.4426
-0.09,-0.035,0.826312,0.547705,-95.3554,-9.53604
-0.085,-0.035,0.669982,0.722418,-93.4212,-37.0423
-0.08,-0.035,0.48689,0.843689,-84.2855,-62.8481
-0.075,-0.035,0.294606,0.910827,-69.1341,-85.2015
-0.07,-0.035,0.107879,0.927494,-49.5203,-102.929
-0.065,-0.035,-0.0602588,0.901414,-27.1128,-115.465
-0.06,-0.035,-0.200774,0.842324,-3.46257,-122.791
-0.055,-0.035,-0.308553,0.761112,20.0577,-125.293
-0.05,-0.035,-0.381973,0.668155,42.3575,-123.661
-0.045,-0.035,-0.421374,0.570927,62.6373,-118.797
-0.04,-0.035,-0.429682,0.477342,80.4438,-111.626
-0.035,-0.035,-0.410883,0.39352,95.5698,-103.095
-0.03,-0.035,-0.369589,0.32249,108.016,-94.0553
-0.025,-0.035,-0.310366,0.265335,117.926,-85.2452
-0.02,-0.035,-0.237371,0.221455,125.529,-77.2732
-0.015,-0.035,-0.154172,0.188886,131.085,-70.6167
-0.01,-0.035,-0.0637248,0.164621,134.839,-65.6288
-0.005,-0.035,0.0315261,0.14492,136.991,-62.5493
0,-0.035,0.129438,0.125597,137.669,-61.5165
0.005,-0.035,0.228953,0.102673,136.927,-62.5799
0.01,-0.035,0.326464,0.071988,134.704,-65.6954
0.015,-0.035,0.419857,0.0297263,130.877,-70.7107
0.02,-0.035,0.50575,-0.0274575,125.248,-77.3818
0.025,-0.035,0.57996,-0.101954,117.572,-85.3524
0.03,-0.035,0.637504,-0.194827,107.592,-94.1423
0.035,-0.035,0.672744,-0.305417,95.0829,-103.141
0.04,-0.035,0.679735,-0.430987,79.905,-111.608
0.045,-0.035,0.652769,-0.566439,62.0642,-118.694
0.05,-0.035,0.587098,-0.704208,41.7723,-123.471
0.055,-0.035,0.479515,-0.835963,19.5275,-125.007
0.06,-0.035,0.330518,-0.94684,-3.93836,-122.398
0.065,-0.035,0.14297,-1.02542,-27.5149,-114.976
0.07,-0.035,-0.0754734,-1.05885,-49.8288,-102.355
0.075,-0.035,-0.312656,-1.0358,-69.3036,-84.5784
0.08,-0.035,-0.552135,-0.948106,-84.2951,-62.2223
0.085,-0.035,-0.774009,-0.792482,-93.2798,-36.455
0.09,-0.035,-0.956388,-0.571966,-95.0805,-9.02396
0.095,-0.035,-1.07748,-0.296972,-89.1015,17.8491
0.1,-0.035,-1.11815,0.0143708,-75.5322,41.675
-0.1,-0.03,0.787367,0.193544,-81.3983,33.7611
-0.095,-0.03,0.715202,0.389519,-92.517,8.01893
-0.09,-0.03,0.59943,0.552242,-95.5727,-19.9815
-0.085,-0.03,0.453847,0.673449,-90.644,-47.6832
-0.08,-0.03,0.293009,0.749801,-78.5816,-72.8854
-0.075,-0.03,0.130639,0.782456,-60.7786,-93.934
-0.07,-0.03,-0.0221374,0.775291,-38.9333,-109.802
-0.065,-0.03,-0.155772,0.735808,-14.804,-120.086
-0.06,-0.03,-0.263662,0.672513,10.0233,-124.939
-0.055,-0.03,-0.342674,0.594714,34.1943,-124.903
-0.05,-0.03,-0.392483,0.511008,56.675,-120.797
-0.045,-0.03,-0.413992,0.427034,76.7517,-113.62
-0.04,-0.03,-0.410018,0.349134,94.0618,-104.367
-0.035,-0.03,-0.384537,0.282126,108.498,-94.0237
-0.03,-0.03,-0.341622,0.228065,120.154,-83.4555
-0.025,-0.03,-0.285136,0.18739,129.257,-73.3988
-0.02,-0.03,-0.218461,0.159162,136.107,-64.4484
-0.015,-0.03,-0.144364,0.141343,141.02,-57.062
-0.01,-0.03,-0.0650067,0.131068,144.287,-51.572
-0.005,-0.03,0.0179322,0.124895,146.136,-48.2013
0,-0.03,0.103059,0.119026,146.714,-47.0762
0.005,-0.03,0.190157,0.11014,146.079,-48.2405
0.01,-0.03,0.276002,0.0940658,144.166,-51.6603
0.015,-0.03,0.35941,0.0675218,140.834,-57.1904
0.02,-0.03,0.437792,0.0273527,135.852,-64.6047
0.025,-0.03,0.507783,-0.0288376,128.931,-73.5668
0.03,-0.03,0.565214,-0.102365,119.756,-83.616
0.035,-0.03,0.60521,-0.19312,108.031,-94.1548
0.04,-0.03,0.622469,-0.299227,93.5325,-104.445
0.045,-0.03,0.611707,-0.416779,76.1736,-113.62
0.05,-0.03,0.568281,-0.539685,56.069,-120.713
0.055,-0.03,0.488841,-0.661386,33.6281,-124.72
0.06,-0.03,0.372583,-0.768746,9.4922,-124.642
0.065,-0.03,0.221082,-0.852145,-15.2783,-119.68
0.07,-0.03,0.0397995,-0.900182,-39.3273,-109.293
0.075,-0.03,-0.161942,-0.902436,-61.0455,-93.3551
0.08,-0.03,-0.371055,-0.850863,-78.6976,-72.2774
0.085,-0.03,-0.571295,-0.741208,-90.6084,-47.0858
0.09,-0.03,-0.744383,-0.574283,-95.3943,-19.4334
0.095,-0.03,-0.871635,-0.356886,-92.2134,8.48248
0.1,-0.03,-0.935974,-0.102206,-80.9956,34.1097
-0.1,-0.025,0.572434,0.259174,-85.3855,26.7512
-0.095,-0.025,0.494608,0.394498,-94.3159,-0.325563
-0.09,-0.025,0.389502,0.501584,-94.867,-28.9659
-0.085,-0.025,0.267253,0.575933,-87.3479,-56.5816
-0.08,-0.025,0.138287,0.616379,-72.8209,-81.0158
-0.075,-0.025,0.0122453,0.624806,-52.8492,-100.716
-0.07,-0.025,-0.103275,0.60441,-29.244,-114.794
-0.065,-0.025,-0.201872,0.561411,-3.82612,-122.993
-0.06,-0.025,-0.278822,0.502568,21.8019,-125.618
-0.055,-0.025,-0.33239,0.435224,46.3149,-123.34
-0.05,-0.025,-0.36297,0.366003,68.7387,-117.09
-0.045,-0.025,-0.37159,0.298787,88.4412,-107.937
-0.04,-0.025,-0.360422,0.238269,105.144,-96.9346
-0.035,-0.025,-0.333112,0.188228,118.83,-85.0889
-0.03,-0.025,-0.292978,0.149978,129.673,-73.2721
-0.025,-0.025,-0.24308,0.123554,137.973,-62.211
-0.02,-0.025,-0.186003,0.107914,144.09,-52.4825
-0.015,-0.025,-0.12377,0.101161,148.387,-44.5224
-0.01,-0.025,-0.0578658,0.10076,151.19,-38.6419
-0.005,-0.025,0.0106498,0.103729,152.753,-35.0462
0,-0.025,0.0809547,0.106811,153.236,-33.8504
0.005,-0.025,0.153314,0.107524,152.7,-35.0926
0.01,-0.025,0.225009,0.101725,151.083,-38.7468
0.015,-0.025,0.295496,0.0868737,148.223,-44.6774
0.02,-0.025,0.362849,0.0601894,143.864,-52.6756
0.025,-0.025,0.424445,0.0194806,137.681,-62.4269
0.03,-0.025,0.476913,-0.0365867,129.31,-73.4919
0.035,-0.025,0.51621,-0.108196,118.394,-85.2908
0.04,-0.025,0.537839,-0.194087,104.64,-97.0942
0.045,-0.025,0.537215,-0.29131,87.8764,-108.028
0.05,-0.025,0.51018,-0.395081,68.1328,-117.1
0.055,-0.025,0.453763,-0.500208,45.7308,-123.251
0.06,-0.025,0.366412,-0.596023,21.2354,-125.41
0.065,-0.025,0.249001,-0.674627,-4.35204,-122.668
0.07,-0.025,0.105369,-0.726529,-29.7033,-114.352
0.075,-0.025,-0.0575149,-0.742904,-53.1949,-100.189
0.08,-0.025,-0.229628,-0.716699,-73.027,-80.438
0.085,-0.025,-0.398354,-0.643749,-87.4058,-55.9904
0.09,-0.025,-0.549356,-0.523751,-94.7775,-28.4007
0.095,-0.025,-0.66779,-0.360957,-94.0904,0.175092
0.1,-0.025,-0.73978,-0.164477,-85.0457,27.1523
-0.1,-0.02,0.354175,0.276165,-88.2043,20.6731
-0.095,-0.02,0.284044,0.352081,-95.2307,-7.36103
-0.09,-0.02,0.201346,0.408193,-93.6615,-36.3611
-0.085,-0.02,0.111812,0.442866,-84.0001,-63.7281
-0.08,-0.02,0.0213592,0.456118,-67.4811,-87.3561
-0.075,-0.02,-0.0644946,0.449615,-45.8028,-105.788
-0.07,-0.02,-0.141543,0.425211,-20.8606,-118.258
-0.065,-0.02,-0.206044,0.386895,5.48302,-124.638
-0.06,-0.02,-0.254645,0.339392,31.622,-125.356
-0.055,-0.02,-0.28648,0.287837,56.264,-121.194
-0.05,-0.02,-0.302165,0.236805,78.492,-113.166
-0.045,-0.02,-0.302469,0.188516,97.7465,-102.397
-0.04,-0.02,-0.288546,0.146076,113.824,-89.9829
-0.035,-0.02,-0.263435,0.112453,126.782,-76.9409
-0.03,-0.02,-0.229561,0.0884405,136.862,-64.1425
-0.025,-0.02,-0.18912,0.0738869,144.425,-52.302
-0.02,-0.02,-0.143922,0.0678425,149.877,-41.9773
-0.015,-0.02,-0.0953221,0.0687201,153.622,-33.5829
-0.01,-0.02,-0.0442443,0.0744535,156.013,-27.4098
-0.005,-0.02,0.00871788,0.0826382,157.323,-23.6468
0,-0.02,0.0631491,0.0906539,157.724,-22.3987
0.005,-0.02,0.119408,0.0968955,157.274,-23.6997
0.01,-0.02,0.175481,0.0974502,155.92,-27.5274
0.015,-0.02,0.231156,0.0905683,153.481,-33.7573
0.02,-0.02,0.285044,0.0739789,149.682,-42.1976
0.025,-0.02,0.335163,0.0458614,144.168,-52.5536
0.03,-0.02,0.378902,0.00505741,136.537,-64.4076
0.035,-0.02,0.413076,-0.0486917,126.384,-77.1984
0.04,-0.02,0.434097,-0.114507,113.353,-90.2087
0.045,-0.02,0.438276,-0.190175,97.2077,-102.565
0.05,-0.02,0.422235,-0.272029,77.9015,-113.258
0.055,-0.02,0.383748,-0.355901,55.6754,-121.189
0.06,-0.02,0.321099,-0.434015,31.0357,-125.231
0.065,-0.02,0.234924,-0.500119,4.92254,-124.39
0.07,-0.02,0.127973,-0.546942,-21.3679,-117.885
0.075,-0.02,0.00533411,-0.567757,-46.2105,-105.316
0.08,-0.02,-0.125678,-0.557198,-67.7618,-86.8161
0.085,-0.02,-0.25593,-0.512043,-84.1384,-63.1547
0.09,-0.02,-0.375151,-0.431832,-93.6517,-35.7934
0.095,-0.02,-0.472809,-0.319243,-95.0786,-6.83972
0.1,-0.02,-0.539063,-0.180164,-87.9282,21.1098
-0.1,-0.015,0.139304,0.254808,-90.0967,15.7496
-0.095,-0.015,0.0871107,0.273834,-95.5769,-12.9381
-0.09,-0.015,0.0354401,0.283962,-92.3218,-42.1106
-0.085,-0.015,-0.014863,0.285642,-80.988,-69.1699
-0.08,-0.015,-0.0625768,0.279275,-62.9441,-92.0587
-0.075,-0.015,-0.106247,0.265575,-39.9896,-109.403
-0.07,-0.015,-0.144936,0.244599,-14.08,-120.536
-0.065,-0.015,-0.177012,0.217322,12.897,-125.436
-0.06,-0.015,-0.200088,0.186303,39.3381,-124.625
-0.055,-0.015,-0.213721,0.154336,63.9826,-118.972
-0.05,-0.015,-0.218348,0.123943,85.9626,-109.554
-0.045,-0.015,-0.214121,0.0957566,104.779,-97.5351
-0.04,-0.015,-0.201047,0.0714589,120.289,-84.0409
-0.035,-0.015,-0.181278,0.0533744,132.61,-70.0941
-0.03,-0.015,-0.156254,0.0419626,142.038,-56.5616
-0.025,-0.015,-0.127289,0.0370642,148.978,-44.1452
-0.02,-0.015,-0.0954484,0.0379752,153.876,-33.3852
-0.015,-0.015,-0.0614995,0.043544,157.162,-24.6772
-0.01,-0.015,-0.0259188,0.0522726,159.213,-18.2948
-0.005,-0.015,0.0110361,0.0624096,160.315,-14.4132
0,-0.015,0.0492113,0.0720333,160.648,-13.1282
0.005,-0.015,0.088684,0.0803416,160.269,-14.472
0.01,-0.015,0.128388,0.0839634,159.132,-18.4218
0.015,-0.015,0.168148,0.0818785,157.042,-24.8651
0.02,-0.015,0.206991,0.0724225,153.708,-33.624
0.025,-0.015,0.243488,0.0542672,148.755,-44.4217
0.03,-0.015,0.275735,0.0265819,141.751,-56.8591
0.035,-0.015,0.3014,-0.0107895,132.252,-70.3926
0.04,-0.015,0.317869,-0.0571548,119.856,-84.3173
0.045,-0.015,0.322483,-0.110835,104.274,-97.7633
0.05,-0.015,0.312865,-0.169105,85.3979,-109.713
0.055,-0.015,0.287792,-0.228613,63.3996,-119.04
0.06,-0.015,0.245882,-0.284555,38.7446,-124.575
0.065,-0.015,0.1879,-0.332328,12.3161,-125.26
0.07,-0.015,0.115957,-0.367076,-14.6203,-120.229
0.075,-0.015,0.0336861,-0.384522,-40.4444,-108.988
0.08,-0.015,-0.0539626,-0.381501,-63.2851,-91.5615
0.085,-0.015,-0.141141,-0.356394,-81.1941,-68.6225
0.09,-0.015,-0.221658,-0.309349,-92.3816,-41.5516
0.095,-0.015,-0.289559,-0.242272,-95.492,-12.4094
0.1,-0.015,-0.33961,-0.158578,-89.8823,16.2078
-0.1,-0.01,-0.0689502,0.206153,-91.2727,12.1347
-0.095,-0.01,-0.0961305,0.171097,-95.6165,-16.9671
-0.09,-0.01,-0.11106,0.139646,-91.1409,-46.2023
-0.085,-0.01,-0.118055,0.113755,-78.6134,-72.9786
-0.08,-0.01,-0.120657,0.0936343,-59.4975,-95.2783
-0.075,-0.01,-0.12137,0.0785251,-35.6634,-111.791
-0.07,-0.01,-0.122464,0.0664167,-9.10538,-121.924
-0.065,-0.01,-0.123902,0.0546845,18.2744,-125.733
-0.06,-0.01,-0.123976,0.0436804,44.8779,-123.81
-0.055,-0.01,-0.122332,0.0337928,69.4698,-117.08
-0.05,-0.01,-0.118933,0.0255191,91.22,-106.668
-0.045,-0.01,-0.11294,0.0179354,109.675,-93.7628
-0.04,-0.01,-0.103391,0.0115402,124.736,-79.5094
-0.035,-0.01,-0.0912246,0.00808734,136.565,-64.9318
-0.03,-0.01,-0.07684,0.00784948,145.495,-50.8925
-0.025,-0.01,-0.0606631,0.0107911,151.965,-38.0822
-0.02,-0.01,-0.0430562,0.0165656,156.446,-27.0273
-0.015,-0.01,-0.0242645,0.0245445,159.39,-18.109
-0.01,-0.01,-0.00440756,0.0338629,161.188,-11.5877
-0.005,-0.01,0.0164864,0.0434686,162.135,-7.62787
0,-0.01,0.038411,0.0521725,162.419,-6.31881
0.005,-0.01,0.0608165,0.0598599,162.095,-7.69146
0.01,-0.01,0.083865,0.064031,161.12,-11.7209
0.015,-0.01,0.107148,0.0642829,159.29,-18.3052
0.02,-0.01,0.130012,0.0596209,156.305,-27.2775
0.025,-0.01,0.151504,0.0492954,151.774,-38.3742
0.03,-0.01,0.170376,0.0329128,145.245,-51.2112
0.035,-0.01,0.185136,0.0105528,136.246,-65.2585
0.04,-0.01,0.194176,-0.0171279,124.343,-79.822
0.045,-0.01,0.195957,-0.0488295,109.207,-94.0363
0.05,-0.01,0.189257,-0.082615,90.6875,-106.879
0.055,-0.01,0.17405,-0.11592,68.9006,-117.211
0.06,-0.01,0.149612,-0.146674,44.2876,-123.825
0.065,-0.01,0.117145,-0.17203,17.6854,-125.623
0.07,-0.01,0.0784603,-0.189667,-9.66547,-121.681
0.075,-0.01,0.0360715,-0.197989,-36.1515,-111.432
0.08,-0.01,-0.00715648,-0.196387,-59.8852,-94.8269
0.085,-0.01,-0.0484744,-0.185306,-78.875,-72.4633
0.09,-0.01,-0.0857252,-0.166057,-91.2604,-45.6609
0.095,-0.01,-0.117676,-0.140369,-95.592,-16.4421
0.1,-0.01,-0.144048,-0.109767,-91.1173,12.6024
-0.1,-0.005,-0.270033,0.141363,-91.8939,9.92631
-0.095,-0.005,-0.268212,0.0545836,-95.5444,-19.3999
-0.09,-0.005,-0.243326,-0.0152718,-90.3314,-48.646
-0.085,-0.005,-0.204967,-0.0650851,-77.0898,-75.2249
-0.08,-0.005,-0.161445,-0.0951694,-57.3397,-97.1445
-0.075,-0.005,-0.119133,-0.108046,-32.9936,-113.134
-0.07,-0.005,-0.083505,-0.107926,-6.06542,-122.65
-0.065,-0.005,-0.0557497,-0.101385,21.5347,-125.792
-0.06,-0.005,-0.0346597,-0.0902978,48.2132,-123.192
-0.055,-0.005,-0.0197637,-0.0767028,72.7508,-115.812
-0.05,-0.005,-0.010365,-0.062094,94.341,-104.804
-0.045,-0.005,-0.00420498,-0.0489938,112.56,-91.3711
-0.04,-0.005,9.97806e-05,-0.0377747,127.334,-76.667
-0.035,-0.005,0.0032479,-0.0272977,138.852,-61.7172
-0.03,-0.005,0.0059113,-0.0173822,147.471,-47.3804
-0.025,-0.005,0.0085498,-0.00785521,153.648,-34.3404
-0.02,-0.005,0.011478,0.00136415,157.871,-23.1149
-0.015,-0.005,0.0149232,0.0102243,160.604,-14.0757
-0.01,-0.005,0.0190602,0.0185308,162.245,-7.47507
-0.005,-0.005,0.0240176,0.0259557,163.098,-3.47102
0,-0.005,0.0298575,0.0320592,163.351,-2.14866
0.005,-0.005,0.0350804,0.0373267,163.068,-3.53748
0.01,-0.005,0.0414368,0.0403667,162.192,-7.61113
0.015,-0.005,0.048023,0.0412985,160.523,-14.2755
0.02,-0.005,0.0544368,0.039835,157.755,-23.3701
0.025,-0.005,0.0601467,0.0358583,153.487,-34.6403
0.03,-0.005,0.0645206,0.0294832,147.254,-47.7109
0.035,-0.005,0.0668942,0.0211125,138.57,-62.0611
0.04,-0.005,0.0666818,0.0114682,126.98,-77.0034
0.045,-0.005,0.0635224,0.00157765,112.129,-91.6761
0.05,-0.005,0.0574414,-0.00730942,93.8437,-105.055
0.055,-0.005,0.0497778,-0.0135791,72.2017,-115.994
0.06,-0.005,0.040562,-0.0173552,47.6351,-123.262
0.065,-0.005,0.0316941,-0.0178023,20.9487,-125.74
0.07,-0.005,0.0249087,-0.015198,-6.63304,-122.466
0.075,-0.005,0.0218114,-0.0107642,-33.5019,-112.832
0.08,-0.005,0.023368,-0.00665518,-57.7614,-96.7411
0.085,-0.005,0.0293574,-0.00566333,-77.3951,-74.7466
0.09,-0.005,0.0379478,-0.0105964,-90.5011,-48.1297
0.095,-0.005,0.0455919,-0.0233707,-95.5736,-18.8879
0.1,-0.005,0.04743,-0.0439829,-91.7943,10.3934
-0.1,0,-0.465156,0.0713737,-92.0618,9.17742
-0.095,0,-0.433307,-0.0656885,-95.4803,-20.2145
-0.09,0,-0.367933,-0.172398,-90.022,-49.4554
-0.085,0,-0.283894,-0.244556,-76.5441,-75.9595
-0.08,0,-0.194243,-0.28308,-56.5866,-97.7435
-0.075,0,-0.109178,-0.292323,-32.0763,-113.55
-0.07,0,-0.0374393,-0.278704,-5.02974,-122.857
-0.065,0,0.0187137,-0.252852,22.6386,-125.774
-0.06,0,0.0600555,-0.218909,49.3371,-122.946
-0.055,0,0.0872595,-0.181343,73.8515,-115.348
-0.05,0,0.101752,-0.14362,95.383,-104.139
-0.045,0,0.107715,-0.110009,113.519,-90.5326
-0.04,0,0.10602,-0.0813354,128.195,-75.6777
-0.035,0,0.099537,-0.0572711,139.606,-60.6033
-0.03,0,0.0900264,-0.0376891,148.118,-46.1667
-0.025,0,0.078835,-0.0221721,154.195,-33.0498
-0.02,0,0.0669429,-0.0101812,158.33,-21.7671
-0.015,0,0.0550279,-0.00116808,160.991,-12.6876
-0.01,0,0.043529,0.00535964,162.579,-6.06066
-0.005,0,0.0326954,0.00980806,163.399,-2.04229
0,0,0.0226173,0.0124925,163.642,-0.716141
0.005,0,0.010532,0.0145119,163.386,-2.10878
0.01,0,0.00026253,0.0156066,162.545,-6.19599
0.015,0,-0.00986842,0.0164082,160.932,-12.8865
0.02,0,-0.0200452,0.0173555,158.239,-22.0223
0.025,0,-0.0304073,0.0189879,154.062,-33.3513
0.03,0,-0.0409884,0.0219624,147.933,-46.5017
0.035,0,-0.0516323,0.0270472,139.358,-60.9556
0.04,0,-0.061892,0.0350771,127.876,-76.0277
0.045,0,-0.0709238,0.0468564,113.126,-90.8575
0.05,0,-0.0774036,0.0629924,94.9218,-104.42
0.055,0,-0.0784918,0.083785,73.3286,-115.566
0.06,0,-0.0735256,0.107713,48.78,-123.06
0.065,0,-0.0596924,0.133203,22.0664,-125.771
0.07,0,-0.0352472,0.157344,-5.59297,-122.727
0.075,0,0.000589311,0.176037,-32.5914,-113.304
0.08,0,0.046949,0.184281,-57.0294,-97.3898
0.085,0,0.100684,0.176835,-76.8817,-75.5228
0.09,0,0.155989,0.149278,-90.2325,-48.9711
0.095,0,0.204524,0.0993837,-95.5572,-19.7239
0.1,0,0.236243,0.0285609,-92.0153,9.63511
-0.1,0.005,-0.656176,0.00664473,-91.8103,9.90502
-0.095,0.005,-0.595804,-0.181318,-95.4591,-19.4013
-0.09,0.005,-0.490796,-0.325067,-90.2511,-48.6271
-0.085,0.005,-0.362185,-0.41937,-77.0182,-75.1895
-0.08,0.005,-0.228304,-0.46643,-57.2765,-97.097
-0.075,0.005,-0.103082,-0.473368,-32.9349,-113.076
-0.07,0.005,0.00644451,-0.447284,-6.0207,-122.592
-0.065,0.005,0.0913076,-0.403387,21.6182,-125.729
-0.06,0.005,0.153119,-0.34727,48.3091,-123.116
-0.055,0.005,0.192959,-0.286224,72.8314,-115.73
-0.05,0.005,0.213421,-0.225701,94.3811,-104.734
-0.045,0.005,0.217468,-0.169565,112.584,-91.2989
-0.04,0.005,0.210638,-0.120516,127.441,-76.5851
-0.035,0.005,0.194106,-0.0806793,139.015,-61.5987
-0.03,0.005,0.171356,-0.0503166,147.662,-47.2157
-0.025,0.005,0.145214,-0.0288178,153.839,-34.1355
-0.02,0.005,0.117787,-0.0150335,158.04,-22.8876
-0.015,0.005,0.0905031,-0.00754111,160.738,-13.8519
-0.01,0.005,0.0642071,-0.00483575,162.338,-7.28457
-0.005,0.005,0.0392837,-0.00544988,163.15,-3.34448
0,0.005,0.0157885,-0.00801288,163.367,-2.11538
0.005,0.005,-0.0157704,-0.00468163,163.087,-3.46929
0.01,0.005,-0.0419619,-0.00595131,162.214,-7.52846
0.015,0.005,-0.0681615,-0.0057739,160.549,-14.1853
0.02,0.005,-0.0944177,-0.00296187,157.788,-23.2786
0.025,0.005,-0.120538,0.00374403,153.53,-34.5528
0.03,0.005,-0.145966,0.0156406,147.308,-47.6317
0.035,0.005,-0.169655,0.0339702,138.636,-61.9934
0.04,0.005,-0.189963,0.0597559,127.057,-76.9496
0.045,0.005,-0.204593,0.0935559,112.217,-91.6372
0.05,0.005,-0.210646,0.135146,93.9403,-105.031
0.055,0.005,-0.204134,0.18227,72.2694,-115.931
0.06,0.005,-0.185374,0.232927,47.7093,-123.246
0.065,0.005,-0.149152,0.283817,21.0183,-125.759
0.07,0.005,-0.0936125,0.329204,-6.5745,-122.509
0.075,0.005,-0.0188076,0.361908,-33.4568,-112.889
0.08,0.005,0.0724553,0.373923,-57.7298,-96.8047
0.085,0.005,0.173931,0.357504,-77.3761,-74.8119
0.09,0.005,0.275669,0.306688,-90.4941,-48.1931
0.095,0.005,0.364432,0.219119,-95.5784,-18.9459
0.1,0.005,0.425025,0.097854,-91.8097,10.3456
-0.1,0.01,-0.845225,-0.0423087,-91.107,12.0896
-0.095,0.01,-0.761248,-0.281034,-95.4496,-16.973
-0.09,0.01,-0.620994,-0.463816,-90.9824,-46.1711
-0.085,0.01,-0.450533,-0.583662,-78.47,-72.9166
-0.08,0.01,-0.272959,-0.642808,-59.3713,-95.1925
-0.075,0.01,-0.106199,-0.649788,-35.5533,-111.686
-0.07,0.01,0.0390842,-0.614802,-9.01501,-121.811
-0.065,0.01,0.153738,-0.554033,18.3919,-125.609
-0.06,0.01,0.237406,-0.476776,44.9999,-123.67
-0.055,0.01,0.291191,-0.3929,69.5721,-116.933
-0.05,0.01,0.318338,-0.309986,91.2808,-106.532
-0.045,0.01,0.323299,-0.233493,109.723,-93.6254
-0.04,0.01,0.311496,-0.167115,124.859,-79.3578
-0.035,0.01,0.286213,-0.113458,136.739,-64.7411
-0.03,0.01,0.251962,-0.0729019,145.695,-50.6539
-0.025,0.01,0.212419,-0.0446554,152.166,-37.8018
-0.02,0.01,0.170338,-0.0271712,156.629,-26.7224
-0.015,0.01,0.1276,-0.0184774,159.545,-17.804
-0.01,0.01,0.0853313,-0.0164208,161.311,-11.3109
-0.005,0.01,0.0440674,-0.0188226,162.23,-7.40851
0,0.01,0.00393549,-0.0235642,162.491,-6.18486
0.005,0.01,-0.0409337,-0.0250118,162.173,-7.5129
0.01,0.01,-0.0838841,-0.0272274,161.204,-11.5304
0.015,0.01,-0.126767,-0.0261354,159.384,-18.1116
0.02,0.01,-0.169373,-0.0198516,156.413,-27.0887
0.025,0.01,-0.21108,-0.00650315,151.899,-38.1977
0.03,0.01,-0.250705,0.0156903,145.389,-51.0537
0.035,0.01,-0.286364,0.0482633,136.409,-65.1259
0.04,0.01,-0.315383,0.0922658,124.525,-79.7192
0.045,0.01,-0.33429,0.147936,109.403,-93.9671
0.05,0.01,-0.338943,0.214306,90.8947,-106.846
0.055,0.01,-0.324125,0.288476,69.0701,-117.174
0.06,0.01,-0.288988,0.365648,44.4503,-123.848
0.065,0.01,-0.228023,0.44057,17.8284,-125.693
0.07,0.01,-0.139606,0.504846,-9.55026,-121.783
0.075,0.01,-0.0248914,0.548482,-36.0676,-111.554
0.08,0.01,0.111196,0.560805,-59.8328,-94.9568
0.085,0.01,0.259242,0.531923,-78.8521,-72.5924
0.09,0.01,0.405189,0.454688,-91.2645,-45.782
0.095,0.01,0.531032,0.326939,-95.6196,-16.5487
0.1,0.01,0.616626,0.153656,-91.1641,12.5166
-0.1,0.015,-1.03313,-0.0656552,-89.8529,15.6744
-0.095,0.015,-0.93303,-0.356593,-95.3301,-12.9554
-0.09,0.015,-0.763701,-0.581819,-92.085,-42.0742
-0.085,0.015,-0.55587,-0.731886,-80.7709,-69.0881
-0.08,0.015,-0.337293,-0.80837,-62.7517,-91.9407
-0.075,0.015,-0.130017,-0.820619,-39.8238,-109.257
-0.07,0.015,0.0515222,-0.781382,-13.941,-120.373
-0.065,0.015,0.197324,-0.707746,13.0532,-125.258
-0.06,0.015,0.304939,-0.612449,39.4926,-124.43
-0.055,0.015,0.37516,-0.507888,64.1146,-118.766
-0.05,0.015,0.411598,-0.403817,86.0533,-109.357
-0.045,0.015,0.419881,-0.307827,104.856,-97.3283
-0.04,0.015,0.405503,-0.223878,120.432,-83.817
-0.035,0.015,0.373486,-0.155589,132.799,-69.8299
-0.03,0.015,0.329326,-0.10361,142.25,-56.2494
-0.025,0.015,0.277551,-0.0671035,149.191,-43.7906
-0.02,0.015,0.221604,-0.0442324,154.074,-33.0044
-0.015,0.015,0.16388,-0.0325574,157.338,-24.2933
-0.01,0.015,0.105867,-0.029333,159.365,-17.9343
-0.005,0.015,0.0483372,-0.0317055,160.448,-14.1036
0,0.015,-0.0084217,-0.0368304,160.77,-12.896
0.005,0.015,-0.0677201,-0.0401348,160.403,-14.1894
0.01,0.015,-0.127225,-0.0415339,159.278,-18.13
0.015,0.015,-0.186378,-0.0378035,157.204,-24.5745
0.02,0.015,-0.244637,-0.0263943,153.891,-33.3447
0.025,0.015,-0.300887,-0.00487116,148.962,-44.163
0.03,0.015,-0.353265,0.0289546,141.984,-56.63
0.035,0.015,-0.399024,0.076809,132.51,-70.2012
0.04,0.015,-0.434461,0.139643,120.137,-84.1706
0.045,0.015,-0.454974,0.217233,104.573,-97.6672
0.05,0.015,-0.455287,0.307712,85.7074,-109.671
0.055,0.015,-0.42904,0.406882,63.6636,-119.024
0.06,0.015,-0.37472,0.508131,38.9896,-124.63
0.065,0.015,-0.28664,0.603693,12.5283,-125.371
0.07,0.015,-0.163725,0.682578,-14.4498,-120.38
0.075,0.015,-0.00856475,0.732156,-40.3199,-109.164
0.08,0.015,0.171497,0.739389,-63.2069,-91.7484
0.085,0.015,0.363666,0.69268,-81.16,-68.8084
0.09,0.015,0.549699,0.584237,-92.3877,-41.7264
0.095,0.015,0.706948,0.412699,-95.5333,-12.5646
0.1,0.015,0.810676,0.185564,-89.9525,16.0805
-0.1,0.02,-1.21905,-0.0537408,-87.8893,20.5585
-0.095,0.02,-1.11312,-0.398561,-94.9079,-7.40031
-0.09,0.02,-0.923368,-0.670644,-93.3476,-36.3304
-0.085,0.02,-0.6846,-0.857181,-83.708,-63.6369
-0.08,0.02,-0.429043,-0.958163,-67.2195,-87.2157
-0.075,0.02,-0.18298,-0.982932,-45.5768,-105.61
-0.07,0.02,0.0352228,-0.946001,-20.6686,-118.056
-0.065,0.02,0.213879,-0.865223,5.68424,-124.417
-0.06,0.02,0.348227,-0.756391,31.817,-125.114
-0.055,0.02,0.438285,-0.634332,56.4352,-120.939
-0.05,0.02,0.487632,-0.511011,78.6231,-112.917
-0.045,0.02,0.502612,-0.396675,97.8653,-102.126
-0.04,0.02,0.488982,-0.294946,113.999,-89.6927
-0.035,0.02,0.453066,-0.211004,126.996,-76.6102
-0.03,0.02,0.401272,-0.14597,137.097,-63.7641
-0.025,0.02,0.338979,-0.0991392,144.662,-51.8811
-0.02,0.02,0.270367,-0.0685326,150.104,-41.5288
-0.015,0.02,0.19843,-0.0513565,153.832,-33.1279
-0.01,0.02,0.125121,-0.0443545,156.206,-26.9729
-0.005,0.02,0.0515696,-0.0440538,157.505,-23.2539
0,0.02,-0.0216531,-0.0469215,157.903,-22.0748
0.005,0.02,-0.0962928,-0.0486253,157.469,-23.3241
0.01,0.02,-0.17192,-0.0466095,156.134,-27.1459
0.015,0.02,-0.24662,-0.0377201,153.718,-33.3823
0.02,0.02,-0.319412,-0.0187979,149.946,-41.8408
0.025,0.02,-0.388598,0.0130725,144.463,-52.2266
0.03,0.02,-0.451572,0.060375,136.863,-64.121
0.035,0.02,-0.504692,0.124881,126.739,-76.9621
0.04,0.02,-0.543249,0.207267,113.733,-90.0315
0.045,0.02,-0.561594,0.306649,97.6055,-102.454
0.05,0.02,-0.553478,0.42007,78.3073,-113.218
0.055,0.02,-0.511656,0.541492,56.0263,-121.196
0.06,0.02,-0.434353,0.663123,31.3558,-125.318
0.065,0.02,-0.316058,0.774315,5.19778,-124.54
0.07,0.02,-0.156689,0.861609,-21.1467,-118.081
0.075,0.02,0.0392756,0.910019,-46.0479,-105.542
0.08,0.02,0.261687,0.904604,-67.6584,-87.0549
0.085,0.02,0.494107,0.832686,-84.0917,-63.3931
0.09,0.02,0.714056,0.686597,-93.6571,-36.0193
0.095,0.02,0.894463,0.466604,-95.1304,-7.04236
0.1,0.02,1.00655,0.183518,-88.0188,20.9402
-0.1,0.025,-1.39951,0.00247087,-85.0095,26.5858
-0.095,0.025,-1.30085,-0.397329,-93.924,-0.4
-0.09,0.025,-1.10201,-0.720961,-94.4794,-28.9548
-0.085,0.025,-0.84107,-0.951204,-86.9815,-56.4949
-0.08,0.025,-0.554376,-1.08534,-72.4882,-80.8664
-0.075,0.025,-0.272488,-1.13166,-52.5593,-100.518
-0.07,0.025,-0.0178524,-1.10545,-28.9941,-114.565
-0.065,0.025,0.195248,-1.02503,-3.57321,-122.741
-0.06,0.025,0.359419,-0.908723,22.0457,-125.34
-0.055,0.025,0.473336,-0.773621,46.5347,-123.047
-0.05,0.025,0.540029,-0.633894,68.9206,-116.799
-0.045,0.025,0.565913,-0.502799,88.6144,-107.615
-0.04,0.025,0.557239,-0.383385,105.365,-96.5922
-0.035,0.025,0.521107,-0.282807,119.085,-84.7064
-0.03,0.025,0.464731,-0.202894,129.948,-72.8426
-0.025,0.025,0.394319,-0.143296,138.252,-61.7389
-0.02,0.025,0.31483,-0.102081,144.362,-51.9809
-0.015,0.025,0.229949,-0.0762483,148.648,-44.0105
-0.01,0.025,0.14222,-0.0621453,151.442,-38.1424
-0.005,0.025,0.0532743,-0.0557633,153,-34.5831
0,0.025,-0.0358801,-0.0529451,153.489,-33.4475
0.005,0.025,-0.126166,-0.0490229,152.971,-34.6408
0.01,0.025,-0.21705,-0.0402341,151.38,-38.2937
0.015,0.025,-0.306067,-0.0229675,148.55,-44.2371
0.02,0.025,-0.39167,0.00645803,144.224,-52.262
0.025,0.025,-0.471473,0.0513198,138.075,-62.053
0.03,0.025,-0.542059,0.114242,129.737,-73.17
0.035,0.025,-0.598873,0.196851,118.852,-85.032
0.04,0.025,-0.636248,0.299327,105.12,-96.9081
0.045,0.025,-0.647624,0.419893,88.3711,-107.923
0.05,0.025,-0.626011,0.554268,68.6291,-117.08
0.055,0.025,-0.563739,0.694203,46.1609,-123.293
0.06,0.025,-0.459037,0.831018,21.6222,-125.535
0.065,0.025,-0.307166,0.951051,-4.02223,-122.861
0.07,0.025,-0.1096,1.03859,-29.4395,-114.596
0.075,0.025,0.12677,1.0767,-53.0017,-100.465
0.08,0.025,0.388549,1.04918,-72.9049,-80.7284
0.085,0.025,0.655405,0.943095,-87.352,-56.2799
0.09,0.025,0.900648,0.751875,-94.787,-28.6755
0.095,0.025,1.09316,0.478438,-94.1565,-0.0726211
0.1,0.025,1.20091,0.137837,-85.16,26.9431
-0.1,0.03,-1.56779,0.110869,-80.9756,33.5327
-0.095,0.03,-1.49213,-0.343421,-92.0663,7.89444
-0.09,0.03,-1.29837,-0.722627,-95.1182,-20.0063
-0.085,0.03,-1.02675,-1.00399,-90.2064,-47.6178
-0.08,0.03,-0.717145,-1.18082,-78.1781,-72.7434
-0.075,0.03,-0.404277,-1.25911,-60.4226,-93.7316
-0.07,0.03,-0.114764,-1.25372,-38.6217,-109.562
-0.065,0.03,0.133637,-1.18293,-14.4933,-119.818
-0.06,0.03,0.330501,-1.06692,10.3235,-124.642
-0.055,0.03,0.472498,-0.924747,34.4715,-124.586
-0.05,0.03,0.561494,-0.772702,56.917,-120.479
-0.045,0.03,0.603162,-0.627094,76.9907,-113.268
-0.04,0.03,0.604449,-0.490732,94.3407,-103.994
-0.035,0.03,0.572643,-0.372883,108.809,-93.611
-0.03,0.03,0.515603,-0.276357,120.485,-82.997
-0.025,0.03,0.440306,-0.201412,129.596,-72.8976
-0.02,0.03,0.352515,-0.146387,136.446,-63.9158
-0.015,0.03,0.256692,-0.10827,141.356,-56.515
-0.01,0.03,0.156102,-0.0831621,144.619,-51.0313
-0.005,0.03,0.0530384,-0.0666423,146.471,-47.6889
0,0.03,-0.0508759,-0.054029,147.059,-46.6146
0.005,0.03,-0.156106,-0.0399566,146.444,-47.7364
0.01,0.03,-0.26069,-0.0204109,144.564,-51.1613
0.015,0.03,-0.362053,0.00898597,141.267,-56.7125
0.02,0.03,-0.457935,0.0523097,136.321,-64.163
0.025,0.03,-0.545156,0.113038,129.436,-73.1759
0.03,0.03,-0.619429,0.193736,120.293,-83.2891
0.035,0.03,-0.675296,0.295651,108.595,-93.9037
0.04,0.03,-0.706232,0.418214,94.1141,-104.28
0.045,0.03,-0.704965,0.558487,76.7607,-113.548
0.05,0.03,-0.66408,0.710637,56.6472,-120.737
0.055,0.03,-0.576124,0.864041,34.1281,-124.815
0.06,0.03,-0.439511,1.00909,9.93473,-124.822
0.065,0.03,-0.251078,1.12926,-14.9061,-119.93
0.07,0.03,-0.0144777,1.20693,-39.0341,-109.594
0.075,0.03,0.260406,1.22382,-60.8353,-93.6875
0.08,0.03,0.556512,1.16328,-78.5704,-72.6226
0.085,0.03,0.849447,1.01315,-90.5608,-47.4267
0.09,0.03,1.10849,0.769108,-95.4201,-19.7545
0.095,0.03,1.2991,0.437886,-92.3046,8.19491
0.1,0.03,1.38704,0.0397758,-81.1422,33.8683
-0.1,0.035,-1.71348,0.277342,-75.5427,41.0952
-0.095,0.035,-1.6788,-0.228185,-88.9904,17.253
-0.09,0.035,-1.50711,-0.665148,-94.8449,-9.61429
-0.085,0.035,-1.23933,-1.00419,-92.9197,-37.017
-0.08,0.035,-0.917969,-1.23327,-83.8148,-62.7325
-0.075,0.035,-0.581553,-1.35474,-68.7128,-85.0131
-0.07,0.035,-0.260827,-1.3816,-49.1448,-102.696
-0.065,0.035,0.0222503,-1.33136,-26.7402,-115.198
-0.06,0.035,0.253779,-1.2252,-3.10022,-122.492
-0.055,0.035,0.427715,-1.08364,20.399,-124.971
-0.05,0.035,0.544064,-0.924928,42.6666,-123.334
-0.045,0.035,0.60687,-0.768013,62.9495,-118.44
-0.04,0.035,0.623748,-0.616451,80.7903,-111.247
-0.035,0.035,0.601618,-0.481424,95.9471,-102.679
-0.03,0.035,0.548751,-0.366987,108.416,-93.5952
-0.025,0.035,0.472776,-0.274291,118.34,-84.7432
-0.02,0.035,0.380244,-0.202208,125.951,-76.7385
-0.015,0.035,0.276459,-0.147947,131.511,-70.0639
-0.01,0.035,0.165531,-0.107564,135.271,-65.076
-0.005,0.035,0.0505766,-0.076396,137.432,-62.0168
0,0.035,-0.0659801,-0.0493859,138.127,-61.0251
0.005,0.035,-0.184073,-0.020354,137.406,-62.0558
0.01,0.035,-0.299822,0.0143385,135.22,-65.185
0.015,0.035,-0.410557,0.0599076,131.431,-70.2311
0.02,0.035,-0.513164,0.120645,125.838,-76.9495
0.025,0.035,-0.603569,0.200019,118.196,-84.9826
0.03,0.035,-0.676587,0.300295,108.243,-93.8486
0.035,0.035,-0.725918,0.422072,95.7524,-102.935
0.04,0.035,-0.744335,0.56375,80.5817,-111.499
0.045,0.035,-0.724139,0.720972,62.7335,-118.687
0.05,0.035,-0.657907,0.886143,42.4176,-123.569
0.055,0.035,-0.539165,1.04636,20.0835,-125.181
0.06,0.035,-0.366714,1.19075,-3.45622,-122.656
0.065,0.035,-0.139881,1.30043,-27.1186,-115.301
0.07,0.035,0.134841,1.35638,-49.5262,-102.727
0.075,0.035,0.444027,1.33976,-69.0978,-84.977
0.08,0.035,0.76662,1.23449,-84.1847,-62.6268
0.085,0.035,1.07416,1.03042,-93.2595,-36.8465
0.09,0.035,1.33232,0.726752,-95.1421,-9.38566
0.095,0.035,1.50404,0.335261,-89.2343,17.5318
0.1,0.035,1.55429,-0.117583,-75.7238,41.4151
-0.1,0.04,-1.82237,0.50459,-68.489,48.8804
-0.095,0.04,-1.84814,-0.0448888,-84.3473,27.3477
-0.09,0.04,-1.71802,-0.538603,-93.2066,1.9937
-0.085,0.04,-1.47176,-0.939709,-94.5961,-24.7941
-0.08,0.04,-1.15317,-1.22954,-88.8366,-50.7952
-0.075,0.04,-0.803883,-1.40527,-76.8674,-74.1803
-0.07,0.04,-0.458536,-1.47655,-60.0331,-93.6463
-0.065,0.04,-0.143729,-1.45911,-39.8448,-108.437
-0.06,0.04,0.122733,-1.374,-17.8393,-118.338
-0.055,0.04,0.331397,-1.2426,4.60603,-123.565
-0.05,0.04,0.479661,-1.08468,26.3533,-124.663
-0.045,0.04,0.569147,-0.92096,46.5662,-122.385
-0.04,0.04,0.607582,-0.757356,64.685,-117.582
-0.035,0.04,0.601138,-0.60638,80.3751,-111.13
-0.03,0.04,0.558172,-0.473591,93.5303,-103.859
-0.025,0.04,0.486777,-0.361312,104.2,-96.5059
-0.02,0.04,0.394216,-0.269245,112.533,-89.6913
-0.015,0.04,0.286658,-0.19509,118.724,-83.9123
-0.01,0.04,0.169151,-0.135113,122.971,-79.5428
-0.005,0.04,0.0457839,-0.0846337,125.441,-76.8406
0,0.04,-0.0800417,-0.0384286,126.243,-75.9558
0.005,0.04,-0.207233,0.0102678,125.416,-76.873
0.01,0.04,-0.330356,0.0645759,122.926,-79.632
0.015,0.04,-0.446252,0.130295,118.654,-84.05
0.02,0.04,-0.550827,0.2117,112.435,-89.8668
0.025,0.04,-0.639051,0.31199,104.075,-96.7073
0.03,0.04,-0.704862,0.432849,93.3801,-104.075
0.035,0.04,-0.741236,0.573937,80.2041,-111.352
0.04,0.04,-0.740495,0.732342,64.4983,-117.803
0.045,0.04,-0.69489,0.902058,46.3671,-122.604
0.05,0.04,-0.597499,1.07358,26.1239,-124.882
0.055,0.04,-0.443619,1.23214,4.31701,-123.76
0.06,0.04,-0.232823,1.365,-18.1644,-118.491
0.065,0.04,0.0321922,1.4518,-40.1919,-108.535
0.07,0.04,0.341461,1.47287,-60.3883,-93.6809
0.075,0.04,0.677572,1.40978,-77.2298,-74.1537
0.08,0.04,1.01532,1.24826,-89.1897,-50.7041
0.085,0.04,1.32243,0.981519,-94.9272,-24.6415
0.09,0.04,1.56172,0.613672,-93.5043,2.20447
0.095,0.04,1.6949,0.162678,-84.6004,27.6126
0.1,0.04,1.68793,-0.338052,-68.6853,49.194
-0.1,0.045,-1.87682,0.790652,-59.6532,56.4042
-0.095,0.045,-1.98285,0.209755,-77.8208,37.7391
-0.09,0.045,-1.91562,-0.335075,-89.7503,14.467
-0.085,0.045,-1.71142,-0.798996,-94.6752,-11.1762
-0.08,0.045,-1.41366,-1.15558,-92.6119,-37.0111
-0.075,0.045,-1.06594,-1.39538,-84.2228,-61.1538
-0.07,0.045,-0.706223,-1.52302,-70.6285,-82.1736
-0.065,0.045,-0.365822,-1.55129,-53.1891,-99.1439
-0.06,0.045,-0.0667541,-1.4998,-33.3442,-111.654
-0.055,0.045,0.177506,-1.38985,-12.4469,-119.728
-0.05,0.045,0.36102,-1.24214,8.33548,-123.735
-0.045,0.045,0.482516,-1.07778,28.0912,-124.294
-0.04,0.045,0.548377,-0.907048,46.1659,-122.139
-0.035,0.045,0.563996,-0.742921,62.1294,-118.074
-0.03,0.045,0.537401,-0.592652,75.7688,-112.88
-0.025,0.045,0.47687,-0.460007,87.0324,-107.269
-0.02,0.045,0.390223,-0.345816,95.9783,-101.857
-0.015,0.045,0.284448,-0.248583,102.726,-97.1472
-0.01,0.045,0.165579,-0.165084,107.415,-93.5237
-0.005,0.045,0.0387828,-0.0909074,110.168,-91.2567
0,0.045,-0.0914143,-0.0209391,111.07,-90.5052
0.005,0.045,-0.222091,0.051454,110.148,-91.2862
0.01,0.045,-0.347313,0.129471,107.381,-93.5976
0.015,0.045,-0.462752,0.218787,102.674,-97.2608
0.02,0.045,-0.563246,0.323365,95.9042,-102.004
0.025,0.045,-0.642803,0.445833,86.935,-107.44
0.03,0.045,-0.694572,0.586985,75.6486,-113.067
0.035,0.045,-0.711018,0.745247,61.9879,-118.271
0.04,0.045,-0.68435,0.916147,46.0046,-122.34
0.045,0.045,-0.607244,1.09186,27.9102,-124.497
0.05,0.045,-0.473888,1.26096,8.12246,-123.944
0.055,0.045,-0.28203,1.40747,-12.7107,-119.915
0.06,0.045,-0.0327528,1.51617,-33.6417,-111.803
0.065,0.045,0.267201,1.56643,-53.5107,-99.2445
0.07,0.045,0.603874,1.53889,-70.9657,-82.2172
0.075,0.045,0.955616,1.41676,-84.5712,-61.1397
0.08,0.045,1.2932,1.18896,-92.9576,-36.9346
0.085,0.045,1.58115,0.853489,-95.0071,-11.0378
0.09,0.045,1.7806,0.42069,-90.0567,14.6674
0.095,0.045,1.85368,-0.0843073,-78.0883,38.0011
0.1,0.045,1.76946,-0.620738,-59.8659,56.7246
-0.1,0.05,-1.85685,1.12727,-48.9764,63.1002
-0.095,0.05,-2.06155,0.533731,-69.1726,47.8724
-0.09,0.05,-2.07905,-0.050566,-84.0679,27.314
-0.085,0.05,-1.93961,-0.572817,-92.6023,3.45356
-0.08,0.05,-1.68401,-0.998065,-94.4731,-21.6209
-0.075,0.05,-1.35621,-1.30896,-90.0383,-46.0097
-0.07,0.05,-0.996576,-1.50338,-80.1572,-68.1798
-0.065,0.05,-0.640676,-1.58999,-66.0061,-87.0462
-0.06,0.05,-0.314829,-1.58535,-48.8885,-102.005
-0.055,0.05,-0.0369524,-1.50953,-30.1015,-112.877
-0.05,0.05,0.183037,-1.38331,-10.8166,-119.842
-0.045,0.05,0.341092,-1.22643,7.99915,-123.351
-0.04,0.05,0.439543,-1.05552,25.6011,-124.019
-0.035,0.05,0.483508,-0.882988,41.4727,-122.549
-0.03,0.05,0.480181,-0.717895,55.295,-119.652
-0.025,0.05,0.43764,-0.565668,66.9117,-116
-0.02,0.05,0.364018,-0.428555,76.2859,-112.187
-0.015,0.05,0.266989,-0.306189,83.4556,-108.709
-0.01,0.05,0.153538,-0.196196,88.4946,-105.955
-0.005,0.05,0.029951,-0.0947821,91.4798,-104.2
0,0.05,-0.0980299,0.00272028,92.4675,-103.609
0.005,0.05,-0.224776,0.10145,91.4749,-104.236
0.01,0.05,-0.345233,0.206311,88.4833,-106.025
0.015,0.05,-0.453148,0.321556,83.4319,-108.812
0.02,0.05,-0.542274,0.450495,76.2451,-112.319
0.025,0.05,-0.605728,0.594843,66.8505,-116.158
0.03,0.05,-0.636053,0.754188,55.2108,-119.83
0.035,0.05,-0.625507,0.925457,41.3634,-122.742
0.04,0.05,-0.566631,1.10244,25.4641,-124.221
0.045,0.05,-0.453096,1.27543,7.83049,-123.557
0.05,0.05,-0.280863,1.43121,-11.0196,-120.048
0.055,0.05,-0.0505812,1.55355,-30.3429,-113.065
0.06,0.05,0.233948,1.62421,-49.1639,-102.159
0.065,0.05,0.561642,1.62385,-66.3113,-87.1579
0.07,0.05,0.914245,1.53458,-80.4886,-68.2379
0.075,0.05,1.26591,1.34265,-90.3845,-46.01
0.08,0.05,1.5839,1.04164,-94.8239,-21.5571
0.085,0.05,1.8306,0.635749,-92.9466,3.58428
0.09,0.05,1.96702,0.142671,-84.3921,27.5151
0.095,0.05,1.95785,-0.404668,-69.4595,48.1461
0.1,0.05,1.77769,-0.958263,-49.2045,63.4442
-0.1,0.055,-1.74178,1.49837,-36.5426,68.3426
-0.095,0.055,-2.062,0.917137,-58.2944,57.0338
-0.09,0.055,-2.18536,0.31146,-75.8332,39.8191
-0.085,0.055,-2.13365,-0.258049,-87.8471,18.463
-0.08,0.055,-1.94287,-0.747462,-93.731,-5.10277
-0.075,0.055,-1.6554,-1.13052,-93.5317,-29.0255
-0.07,0.055,-1.3149,-1.39948,-87.7615,-51.7636
-0.065,0.055,-0.959234,-1.55666,-77.352,-72.0824
-0.06,0.055,-0.616869,-1.61228,-63.5095,-89.1417
-0.055,0.055,-0.31071,-1.58346,-47.4433,-102.575
-0.05,0.055,-0.0555434,-1.48977,-30.2956,-112.376
-0.045,0.055,0.139879,-1.35375,-12.9842,-118.829
-0.04,0.055,0.275443,-1.192,3.63752,-122.382
-0.035,0.055,0.353944,-1.01809,18.9653,-123.62
-0.03,0.055,0.381137,-0.842894,32.5812,-123.166
-0.025,0.055,0.36445,-0.673696,44.2274,-121.63
-0.02,0.055,0.312051,-0.514483,53.7704,-119.569
-0.015,0.055,0.232203,-0.366422,61.1639,-117.459
-0.01,0.055,0.132893,-0.228436,66.4124,-115.68
-0.005,0.055,0.0216906,-0.0978259,69.5421,-114.506
0,0.055,-0.0942237,0.029114,70.5781,-114.102
0.005,0.055,-0.21196,0.158184,69.5411,-114.539
0.01,0.055,-0.318795,0.291487,66.4031,-115.744
0.015,0.055,-0.410536,0.433472,61.1448,-117.552
0.02,0.055,-0.479825,0.586293,53.7391,-119.688
0.025,0.055,-0.518987,0.750299,44.1804,-121.773
0.03,0.055,-0.520228,0.923491,32.5146,-123.331
0.035,0.055,-0.476067,1.10104,18.8741,-123.802
0.04,0.055,-0.380021,1.27491,3.51652,-122.576
0.045,0.055,-0.227541,1.43376,-13.14,-119.029
0.05,0.055,-0.0171743,1.56313,-30.489,-112.579
0.055,0.055,0.248163,1.64627,-47.7196,-102.749
0.06,0.055,0.560135,1.66459,-63.8341,-89.2809
0.065,0.055,0.903359,1.6004,-77.695,-72.1878
0.07,0.055,1.25536,1.43864,-88.0972,-51.8462
0.075,0.055,1.58659,1.17002,-93.8908,-29.0482
0.08,0.055,1.86182,0.794189,-94.1311,-5.01272
0.085,0.055,2.04279,0.322725,-88.2454,18.6599
0.09,0.055,2.09243,-0.21859,-76.1939,40.1045
0.095,0.055,1.98037,-0.788931,-58.5942,57.3795
0.1,0.055,1.68932,-1.33378,-36.775,68.7166
-0.1,0.06,-1.51363,1.87907,-22.6197,71.4916
-0.095,0.06,-1.95534,1.3429,-45.2582,64.6019
-0.09,0.06,-2.20037,0.743198,-64.942,51.3799
-0.085,0.06,-2.25894,0.145954,-80.1232,33.2665
-0.08,0.06,-2.15892,-0.396889,-89.8933,11.9828
-0.075,0.06,-1.93826,-0.849966,-93.973,-10.712
-0.07,0.06,-1.6388,-1.19554,-92.557,-33.2833
-0.065,0.06,-1.30153,-1.42922,-86.3415,-54.3721
-0.06,0.06,-0.957551,-1.55531,-76.3046,-72.9906
-0.055,0.06,-0.633963,-1.58675,-63.523,-88.5797
-0.05,0.06,-0.350061,-1.54071,-49.0735,-100.931
-0.045,0.06,-0.119034,-1.43791,-33.8779,-110.143
-0.04,0.06,0.0548854,-1.29634,-18.8163,-116.498
-0.035,0.06,0.171884,-1.1304,-4.56285,-120.436
-0.03,0.06,0.235666,-0.952584,8.37705,-122.47
-0.025,0.06,0.252441,-0.772033,19.6511,-123.128
-0.02,0.06,0.229892,-0.594601,29.0337,-122.912
-0.015,0.06,0.176404,-0.423219,36.3955,-122.262
-0.01,0.06,0.100549,-0.258411,41.6726,-121.536
-0.005,0.06,0.0108024,-0.0989134,44.8401,-120.998
0,0.06,-0.0845543,0.0576717,45.892,-120.808
0.005,0.06,-0.179483,0.214721,44.8395,-121.025
0.01,0.06,-0.263665,0.375949,41.6647,-121.594
0.015,0.06,-0.330158,0.542808,36.3782,-122.35
0.02,0.06,-0.370871,0.716023,29.0039,-123.028
0.025,0.06,-0.377784,0.894375,19.6048,-123.269
0.03,0.06,-0.343267,1.07418,8.30969,-122.633
0.035,0.06,-0.260622,1.24887,-4.65638,-120.617
0.04,0.06,-0.124866,1.4088,-18.9411,-116.691
0.045,0.06,0.06628,1.54131,-34.0383,-110.34
0.05,0.06,0.311242,1.63114,-49.2726,-101.126
0.055,0.06,0.604044,1.66164,-63.7967,-88.7446
0.06,0.06,0.931013,1.615,-76.6272,-73.1211
0.065,0.06,1.27299,1.4765,-86.6877,-54.4703
0.07,0.06,1.6036,1.2354,-92.9061,-33.3594
0.075,0.06,1.8905,0.888397,-94.3348,-10.7376
0.08,0.06,2.09737,0.442525,-90.2937,12.0781
0.085,0.06,2.18739,-0.0823359,-80.5198,33.4758
0.09,0.06,2.12789,-0.652067,-65.2995,51.6849
0.095,0.06,1.89619,-1.21863,-45.5529,64.976
0.1,0.06,1.48572,-1.72275,-22.8427,71.9052
-0.1,0.065,-1.15957,2.2347,-7.69034,71.9343
-0.095,0.065,-1.72174,1.78088,-30.357,69.7489
-0.09,0.065,-2.09805,1.22107,-51.4398,61.0433
-0.085,0.065,-2.28469,0.623926,-69.2128,46.8819
-0.08,0.065,-2.29857,0.0478881,-82.4986,28.7116
-0.075,0.065,-2.17034,-0.463026,-90.7037,8.1325
-0.07,0.065,-1.93747,-0.881317,-93.7157,-13.3854
-0.065,0.065,-1.64172,-1.19358,-91.9407,-34.4159
-0.06,0.065,-1.31572,-1.39726,-86.1049,-53.8588
-0.055,0.065,-0.989965,-1.49959,-77.1117,-70.9843
-0.05,0.065,-0.687979,-1.51384,-65.9313,-85.3909
-0.045,0.065,-0.427261,-1.45783,-53.4495,-96.9898
-0.04,0.065,-0.21689,-1.34936,-40.5473,-105.885
-0.035,0.065,-0.0597655,-1.2032,-27.9377,-112.356
-0.03,0.065,0.0451068,-1.03303,-16.1929,-116.787
-0.025,0.065,0.102074,-0.849669,-5.7449,-119.603
-0.02,0.065,0.117748,-0.660868,3.09821,-121.232
-0.015,0.065,0.100131,-0.471525,10.1299,-122.061
-0.01,0.065,0.0579645,-0.284092,15.2211,-122.413
-0.005,0.065,0.000294969,-0.0991527,18.2973,-122.529
0,0.065,-0.0637769,0.0839339,19.3218,-122.559
0.005,0.065,-0.126458,0.266005,18.2993,-122.553
0.01,0.065,-0.177619,0.451095,15.216,-122.471
0.015,0.065,-0.209226,0.637725,10.1148,-122.152
0.02,0.065,-0.212801,0.824854,3.06922,-121.352
0.025,0.065,-0.180398,1.00945,-5.79242,-119.75
0.03,0.065,-0.105047,1.18605,-16.264,-116.956
0.035,0.065,0.0186049,1.34645,-28.0377,-112.543
0.04,0.065,0.193451,1.47967,-40.681,-106.083
0.045,0.065,0.418931,1.57226,-53.6207,-97.1907
0.05,0.065,0.689969,1.60903,-66.1392,-85.5848
0.055,0.065,0.996758,1.57416,-77.3905,-71.1437
0.06,0.065,1.32106,1.45262,-86.4332,-53.9818
0.065,0.065,1.64005,1.2338,-92.2982,-34.5051
0.07,0.065,1.92442,0.912761,-94.0867,-13.4489
0.075,0.065,2.14048,0.493444,-91.0881,8.11705
0.08,0.065,2.25292,-0.00880855,-82.9116,28.8282
0.085,0.065,2.22879,-0.565573,-69.6128,47.121
0.09,0.065,2.04258,-1.13499,-51.7921,61.3855
0.095,0.065,1.6819,-1.66341,-30.6375,70.1676
0.1,0.065,1.15307,-2.08942,-7.88763,72.4007
-0.1,0.07,-0.677429,2.52275,7.54346,69.1885
-0.095,0.07,-1.34694,2.19117,-14.1516,71.7675
-0.09,0.07,-1.85392,1.71093,-35.6859,67.9255
-0.085,0.07,-2.17884,1.14969,-55.2329,58.3099
-0.08,0.07,-2.32503,0.569807,-71.4012,44.035
-0.075,0.07,-2.31293,0.0225287,-83.3136,26.4752
-0.07,0.07,-2.17296,-0.455673,-90.5715,6.97929
-0.065,0.07,-1.94446,-0.841214,-93.2617,-13.0367
-0.06,0.07,-1.66001,-1.12381,-91.8381,-32.4048
-0.055,0.07,-1.35214,-1.30358,-86.9934,-50.2602
-0.05,0.07,-1.04778,-1.38837,-79.5494,-66.0302
-0.045,0.07,-0.768334,-1.39184,-70.3151,-79.4479
-0.04,0.07,-0.527863,-1.32991,-60.1356,-90.4298
-0.035,0.07,-0.332777,-1.21693,-49.7288,-99.0918
-0.03,0.07,-0.185348,-1.06711,-39.706,-105.672
-0.025,0.07,-0.0837339,-0.892484,-30.5575,-110.479
-0.02,0.07,-0.0230414,-0.702571,-22.6579,-113.845
-0.015,0.07,0.00373481,-0.504282,-16.2796,-116.088
-0.01,0.07,0.00494579,-0.302215,-11.6097,-117.482
-0.005,0.07,-0.010292,-0.0991243,-8.76751,-118.236
0,0.07,-0.0325153,0.103477,-7.81827,-118.48
0.005,0.07,-0.0532446,0.304021,-8.76381,-118.261
0.01,0.07,-0.061571,0.505134,-11.6149,-117.546
0.015,0.07,-0.0496113,0.702841,-16.2972,-116.187
0.02,0.07,-0.00898935,0.894073,-22.6925,-113.976
0.025,0.07,0.067635,1.07388,-30.6142,-110.637
0.03,0.07,0.186008,1.23506,-39.7901,-105.853
0.035,0.07,0.349564,1.36805,-49.8453,-99.2885
0.04,0.07,0.558569,1.46106,-60.2889,-90.635
0.045,0.07,0.809196,1.50064,-70.508,-79.6528
0.05,0.07,1.09263,1.47266,-79.7768,-66.2272
0.055,0.07,1.39488,1.36343,-87.2886,-50.4139
0.06,0.07,1.69424,1.16219,-92.1831,-32.5174
0.065,0.07,1.9649,0.863812,-93.6409,-13.1102
0.07,0.07,2.17611,0.470405,-90.9729,6.94019
0.075,0.07,2.29489,-0.00592672,-83.7326,26.4923
0.08,0.07,2.28937,-0.541277,-71.8303,44.1945
0.085,0.07,2.13325,-1.09922,-55.6323,58.5985
0.09,0.07,1.81085,-1.63168,-36.0222,68.3217
0.095,0.07,1.3224,-2.08195,-14.4004,72.2437
0.1,0.07,0.688584,-2.39001,7.39526,69.7147
-0.1,0.075,-0.0794376,2.69558,22.1845,62.9745
-0.095,0.075,-0.828939,2.5248,2.53647,70.096
-0.09,0.075,-1.45277,2.16661,-18.3483,71.2134
-0.085,0.075,-1.91499,1.68322,-38.6348,66.5368
-0.08,0.075,-2.20353,1.13723,-56.7925,56.8017
-0.075,0.075,-2.32591,0.584632,-71.7121,43.0951
-0.07,0.075,-2.30283,0.0693284,-82.7392,26.589
-0.065,0.075,-2.16759,-0.37513,-89.6447,8.60482
-0.06,0.075,-1.95062,-0.730148,-92.5964,-9.67835
-0.055,0.075,-1.68451,-0.98767,-92.0471,-27.3087
-0.05,0.075,-1.39826,-1.1488,-88.6323,-43.5767
-0.045,0.075,-1.11627,-1.22168,-83.0462,-58.0588
-0.04,0.075,-0.857166,-1.21869,-76.0523,-70.4879
-0.035,0.075,-0.631054,-1.15272,-68.3381,-80.8185
-0.03,0.075,-0.44384,-1.03749,-60.5209,-89.1368
-0.025,0.075,-0.296736,-0.885669,-53.1217,-95.6201
-0.02,0.075,-0.187212,-0.708101,-46.5596,-100.493
-0.015,0.075,-0.109942,-0.513569,-41.1563,-103.989
-0.01,0.075,-0.0576412,-0.308852,-37.1451,-106.319
-0.005,0.075,-0.021779,-0.099054,-34.6823,-107.651
0,0.075,0.00684245,0.111888,-33.8571,-108.09
0.005,0.075,0.0366081,0.320219,-34.6804,-107.681
0.01,0.075,0.0789725,0.525571,-37.1569,-106.391
0.015,0.075,0.140844,0.722051,-41.1855,-104.099
0.02,0.075,0.229886,0.904458,-46.6108,-100.637
0.025,0.075,0.352226,1.06597,-53.1999,-95.7913
0.03,0.075,0.511798,1.19792,-60.6311,-89.3286
0.035,0.075,0.709598,1.28985,-68.4848,-81.0232
0.04,0.075,0.94287,1.3299,-76.2388,-70.6966
0.045,0.075,1.20432,1.30561,-83.2744,-58.2622
0.05,0.075,1.4815,1.20509,-88.8952,-43.7729
0.055,0.075,1.75649,1.01831,-92.3717,-27.4499
0.06,0.075,2.00543,0.739823,-92.9697,-9.77113
0.065,0.075,2.20089,0.371343,-90.0549,8.56047
0.07,0.075,2.3127,-0.0771356,-83.1763,26.5928
0.075,0.075,2.31104,-0.585102,-72.1658,43.1724
0.08,0.075,2.17028,-1.12062,-57.2304,57.0273
0.085,0.075,1.87344,-1.64076,-39.02,66.8932
0.09,0.075,1.41708,-2.0938,-18.6492,71.6764
0.095,0.075,0.815623,-2.42346,2.34346,70.6357
0.1,0.075,0.104529,-2.57536,22.1136,63.5585
-0.1,0.08,0.604165,2.70534,35.1969,53.2986
-0.095,0.08,-0.182945,2.72742,18.6559,64.4196
-0.09,0.08,-0.894337,2.53216,-0.40115,70.2784
-0.085,0.08,-1.47856,2.17124,-20.2334,70.6516
-0.08,0.08,-1.90733,1.70306,-39.2619,65.8697
-0.075,0.08,-2.17326,1.18472,-56.2169,56.682
-0.07,0.08,-2.28486,0.665116,-70.2316,44.0323
-0.065,0.08,-2.26589,0.186132,-80.7947,29.0674
-0.06,0.08,-2.14204,-0.225378,-87.7879,12.9112
-0.055,0.08,-1.94352,-0.552756,-91.4077,-3.45652
-0.05,0.08,-1.69943,-0.789378,-92.0739,-19.2361
-0.045,0.08,-1.4358,-0.93671,-90.333,-33.878
-0.04,0.08,-1.17477,-1.00204,-86.8192,-46.9534
-0.035,0.08,-0.929952,-0.99553,-82.1543,-58.2667
-0.03,0.08,-0.710963,-0.929329,-76.925,-67.7534
-0.025,0.08,-0.52242,-0.815768,-71.6507,-75.455
-0.02,0.08,-0.364715,-0.666399,-66.7682,-81.4796
-0.015,0.08,-0.234875,-0.491463,-62.627,-85.9663
-0.01,0.08,-0.127424,-0.299718,-59.4904,-89.0547
-0.005,0.08,-0.0351834,-0.0985835,-57.5409,-90.8609
0,0.08,0.0500108,0.10552,-56.885,-91.4612
0.005,0.08,0.135844,0.306848,-57.5451,-90.8946
0.01,0.08,0.233169,0.501071,-59.5165,-89.1342
0.015,0.08,0.347434,0.680948,-62.6781,-86.0858
0.02,0.08,0.484902,0.839245,-66.8484,-81.6323
0.025,0.08,0.64985,0.967533,-71.7641,-75.6332
0.03,0.08,0.843867,1.05615,-77.0756,-67.9486
0.035,0.08,1.06512,1.09447,-82.3452,-58.4695
0.04,0.08,1.30767,1.07146,-87.0524,-47.154
0.045,0.08,1.5609,0.976745,-90.609,-34.0663
0.05,0.08,1.80922,0.801931,-92.3881,-19.4167
0.055,0.08,2.03177,0.542082,-91.7729,-3.5704
0.06,0.08,2.20399,0.197898,-88.198,12.8553
0.065,0.08,2.29888,-0.221207,-81.24,29.073
0.07,0.08,2.28932,-0.69716,-70.7019,44.1037
0.075,0.08,2.15139,-1.20163,-56.692,56.848
0.08,0.08,1.86835,-1.69617,-39.6902,66.1819
0.085,0.08,1.43501,-2.13391,-20.5814,71.0888
0.09,0.08,0.861741,-2.46296,-0.640392,70.8134
0.095,0.08,0.177679,-2.63179,18.5474,65.0198
0.1,0.08,-0.567989,-2.59628,35.2331,53.9274
-0.1,0.085,1.32312,2.51112,45.4993,40.5217
-0.095,0.085,0.554674,2.74559,33.0003,54.77
-0.09,0.085,-0.19889,2.74666,16.9224,64.7979
-0.085,0.085,-0.873266,2.55051,-1.19229,69.9836
-0.08,0.085,-1.42468,2.20624,-19.8179,70.2506
-0.075,0.085,-1.83001,1.76757,-37.6114,65.9802
-0.07,0.085,-2.08371,1.28491,-53.5526,57.843
-0.065,0.085,-2.19703,0.805563,-66.9055,46.7473
-0.06,0.085,-2.18811,0.36363,-77.2871,33.6901
-0.055,0.085,-2.082,-0.0160321,-84.6374,19.6139
-0.05,0.085,-1.90553,-0.318716,-89.1442,5.3514
-0.045,0.085,-1.68444,-0.538446,-91.1803,-8.46031
-0.04,0.085,-1.44272,-0.676198,-91.2102,-21.2723
-0.035,0.085,-1.19688,-0.738132,-89.7564,-32.758
-0.03,0.085,-0.959886,-0.733549,-87.3375,-42.7149
-0.025,0.085,-0.73982,-0.673371,-84.4368,-51.0531
-0.02,0.085,-0.540352,-0.568958,-81.4789,-57.7637
-0.015,0.085,-0.361441,-0.431328,-78.8161,-62.8874
-0.01,0.085,-0.200136,-0.270742,-76.7225,-66.4861
-0.005,0.085,-0.0514139,-0.0966087,-75.3929,-68.6206
0,0.085,0.0910108,0.0823745,-74.943,-69.3341
0.005,0.085,0.233544,0.258633,-75.4067,-68.6555
0.01,0.085,0.384871,0.423836,-76.7697,-66.5673
0.015,0.085,0.548686,0.569868,-78.8984,-63.0076
0.02,0.085,0.729148,0.687805,-81.5988,-57.9146
0.025,0.085,0.92811,0.768127,-84.5967,-51.2252
0.03,0.085,1.14441,0.800872,-87.5395,-42.8981
0.035,0.085,1.37323,0.776095,-90.0017,-32.9417
0.04,0.085,1.60559,0.684662,-91.4989,-21.4457
0.045,0.085,1.82808,0.519392,-91.5111,-8.61283
0.05,0.085,2.02296,0.276489,-89.5181,5.21192
0.055,0.085,2.16808,-0.0427839,-85.048,19.5498
0.06,0.085,2.23978,-0.431036,-77.7346,33.6951
0.065,0.085,2.21416,-0.871066,-67.3805,46.8288
0.07,0.085,2.06976,-1.3374,-54.0416,58.0094
0.075,0.085,1.79122,-1.79545,-38.0812,66.2581
0.08,0.085,1.37306,-2.20288,-20.2075,70.663
0.085,0.085,0.823437,-2.51236,-1.47312,70.5059
0.09,0.085,0.167095,-2.67615,16.7753,65.4001
0.095,0.085,-0.553141,-2.65214,33.0065,55.4159
0.1,0.085,-1.27707,-2.41102,45.6703,41.1699
-0.1,0.09,2.00791,2.08761,52.0939,25.3952
-0.095,0.09,1.32462,2.5353,44.3279,41.6004
-0.09,0.09,0.58879,2.75205,32.2299,54.8684
-0.085,0.09,-0.126983,2.75417,17.0469,64.2442
-0.08,0.09,-0.766028,2.57641,0.148469,69.2737
-0.075,0.09,-1.29018,2.26408,-17.1476,69.9641
-0.07,0.09,-1.67902,1.86472,-33.7412,66.6815
-0.065,0.09,-1.92937,1.42701,-48.7452,60.0541
-0.06,0.09,-2.04917,0.990174,-61.5567,50.8834
-0.055,0.09,-2.05553,0.585851,-71.8796,40.0085
-0.05,0.09,-1.97033,0.236321,-79.6704,28.2325
-0.045,0.09,-1.81673,-0.0448444,-85.11,16.2345
-0.04,0.09,-1.61844,-0.251672,-88.4712,4.62663
-0.035,0.09,-1.39368,-0.385151,-90.1453,-6.16186
-0.03,0.09,-1.15795,-0.450556,-90.5492,-15.8141
-0.025,0.09,-0.922476,-0.456222,-90.0967,-24.1244
-0.02,0.09,-0.694242,-0.412237,-89.1694,-30.9749
-0.015,0.09,-0.476501,-0.329462,-88.096,-36.3112
-0.01,0.09,-0.269414,-0.218884,-87.1403,-40.1183
-0.005,0.09,-0.0708461,-0.0912712,-86.494,-42.4008
0,0.09,0.122796,0.04294,-86.2729,-43.1674
0.005,0.09,0.315957,0.174576,-86.5186,-42.4329
0.01,0.09,0.513743,0.292182,-87.2119,-40.1927
0.015,0.09,0.717833,0.387168,-88.2142,-36.4197
0.02,0.09,0.929667,0.449549,-89.3343,-31.1079
0.025,0.09,1.14824,0.469454,-90.3083,-24.2714
0.03,0.09,1.36948,0.437497,-90.8069,-15.9641
0.035,0.09,1.58572,0.345405,-90.4479,-6.30333
0.04,0.09,1.78547,0.186957,-88.8163,4.50493
0.045,0.09,1.95348,-0.0408335,-85.4939,16.1433
0.05,0.09,2.07135,-0.33635,-80.099,28.1661
0.055,0.09,2.11759,-0.691704,-72.3292,40.0215
0.06,0.09,2.0716,-1.09258,-62.0302,50.9766
0.065,0.09,1.91525,-1.51499,-49.2305,60.2384
0.07,0.09,1.63529,-1.92771,-34.2195,66.9672
0.075,0.09,1.22711,-2.29257,-17.5738,70.367
0.08,0.09,0.698048,-2.56681,-0.166011,69.7885
0.085,0.09,0.0700354,-2.70699,16.8675,64.8444
0.09,0.09,-0.61886,-2.67418,32.2064,55.5208
0.095,0.09,-1.31482,-2.44024,44.4761,42.265
0.1,0.09,-1.9511,-1.99446,52.4207,26.0251
-0.1,0.095,2.57439,1.43437,54.2169,9.04687
-0.095,0.095,2.04645,2.07225,51.5194,25.8179
-0.09,0.095,1.3983,2.5034,44.1213,41.0829
-0.085,0.095,0.704518,2.72138,32.8982,53.6492
-0.08,0.095,0.0301409,2.74224,18.9678,62.7443
-0.075,0.095,-0.574195,2.59784,3.52245,68.0262
-0.07,0.095,-1.07398,2.32796,-12.3441,69.5458
-0.065,0.095,-1.45097,1.97786,-27.6715,67.6319
-0.06,0.095,-1.70096,1.58861,-41.7082,62.8375
-0.055,0.095,-1.83077,1.19612,-53.9622,55.8381
-0.05,0.095,-1.8547,0.828735,-64.178,47.3442
-0.045,0.095,-1.79086,0.50694,-72.3373,38.0257
-0.04,0.095,-1.66021,0.243518,-78.5238,28.4961
-0.035,0.095,-1.48104,0.0434406,-82.9711,19.2478
-0.03,0.095,-1.27009,-0.0936018,-85.968,10.6779
-0.025,0.095,-1.04088,-0.172244,-87.8305,3.08272
-0.02,0.095,-0.80341,-0.200147,-88.8687,-3.3291
-0.015,0.095,-0.564235,-0.186901,-89.363,-8.41962
-0.01,0.095,-0.326953,-0.143186,-89.5457,-12.104
-0.005,0.095,-0.0928515,-0.0801815,-89.5898,-14.3341
0,0.095,0.138316,-0.00919633,-89.6016,-15.0865
0.005,0.095,0.36824,0.0594877,-89.6242,-14.3602
0.01,0.095,0.597657,0.112787,-89.641,-12.1624
0.015,0.095,0.825915,0.142106,-89.5162,-8.50229
0.02,0.095,1.05132,0.137279,-89.077,-3.4262
0.025,0.095,1.26985,0.0890262,-88.0907,2.98196
0.03,0.095,1.47463,-0.0104881,-86.2767,10.5848
0.035,0.095,1.65568,-0.166888,-83.3238,19.1738
0.04,0.095,1.79992,-0.382604,-78.9155,28.4521
0.045,0.095,1.89167,-0.655753,-72.7617,38.0224
0.05,0.095,1.9136,-0.978991,-64.6395,47.3816
0.055,0.095,1.84709,-1.33814,-54.4302,55.955
0.06,0.095,1.67713,-1.7124,-42.1815,63.0436
0.065,0.095,1.39364,-2.07309,-28.1329,67.9396
0.07,0.095,0.993633,-2.38594,-12.7672,69.9641
0.075,0.095,0.484619,-2.61271,3.18577,68.5525
0.08,0.095,-0.113029,-2.71451,18.7685,63.3499
0.085,0.095,-0.764703,-2.65639,32.8546,54.3061
0.09,0.095,-1.42178,-2.41272,44.2497,41.7555
0.095,0.095,-2.02395,-1.97309,51.83,26.4618
0.1,0.095,-2.50394,-1.34769,54.7091,9.60971
-0.1,0.1,2.93291,0.583993,51.4929,-7.09537
-0.095,0.1,2.62501,1.36231,53.7575,8.75235
-0.09,0.1,2.13701,1.98076,51.3814,24.552
-0.085,0.1,1.5378,2.40952,44.8219,38.991
-0.08,0.1,0.894525,2.64309,34.8687,51.0678
-0.075,0.1,0.265763,2.69564,22.4972,60.1464
-0.07,0.1,-0.30256,2.59444,8.70251,65.9797
-0.065,0.1,-0.778161,2.37605,-5.55788,68.5977
-0.06,0.1,-1.14397,2.07931,-19.4729,68.2785
-0.055,0.1,-1.39498,1.74091,-32.4137,65.487
-0.05,0.1,-1.53579,1.3927,-43.9524,60.7861
-0.045,0.1,-1.57715,1.06047,-53.8768,54.7784
-0.04,0.1,-1.53479,0.762688,-62.1094,48.0271
-0.035,0.1,-1.425,0.510495,-68.7098,41.0367
-0.03,0.1,-1.26406,0.309037,-73.8239,34.2422
-0.025,0.1,-1.06657,0.15823,-77.6493,27.9965
-0.02,0.1,-0.844684,0.0539092,-80.4035,22.5728
-0.015,0.1,-0.607892,-0.0110722,-82.2968,18.1729
-0.01,0.1,-0.363167,-0.0458808,-83.5118,14.9381
-0.005,0.1,-0.115406,-0.0609207,-84.189,12.9601
0,0.1,0.131937,-0.0672175,-84.4161,12.29
0.005,0.1,0.377043,-0.0752139,-84.2317,12.9415
0.01,0.1,0.616305,-0.09801,-83.6271,14.9033
0.015,0.1,0.846438,-0.143506,-82.4788,18.129
0.02,0.1,1.06251,-0.220972,-80.6465,22.5287
0.025,0.1,1.25765,-0.338053,-77.947,27.9621
0.03,0.1,1.42271,-0.500068,-74.1693,34.2281
0.035,0.1,1.54625,-0.709178,-69.0956,41.0532
0.04,0.1,1.61493,-0.963463,-62.5272,48.0843
0.045,0.1,1.61431,-1.25599,-54.3178,54.886
0.05,0.1,1.53012,-1.57404,-44.4093,60.9475
0.055,0.1,1.34849,-1.89819,-32.865,65.727
0.06,0.1,1.06288,-2.20277,-19.9054,68.6116
0.065,0.1,0.672661,-2.45739,-5.9475,69.0351
0.07,0.1,0.186183,-2.62825,8.38971,66.5244
0.075,0.1,-0.376898,-2.68123,22.298,60.7762
0.08,0.1,-0.98446,-2.5858,34.8233,51.7364
0.085,0.1,-1.59212,-2.31981,44.944,39.6693
0.09,0.1,-2.14525,-1.87458,51.6819,25.2017
0.095,0.1,-2.58305,-1.25959,54.239,9.32501
0.1,0.1,-2.84482,-0.506129,52.1437,-6.6564
